name,gene_link,annot_link
actinidia_chinensis,https://ftp.ensemblgenomes.ebi.ac.uk/pub/plants/release-57/fasta/actinidia_chinensis/dna/Actinidia_chinensis.Red5_PS1_1.69.0.dna.toplevel.fa.gz,https://ftp.ebi.ac.uk/ensemblgenomes/pub/plants/release-57/gff3/actinidia_chinensis/Actinidia_chinensis.Red5_PS1_1.69.0.57.gff3.gz
aegilops_tauschii,https://ftp.ensemblgenomes.ebi.ac.uk/pub/plants/release-57/fasta/aegilops_tauschii/dna/Aegilops_tauschii.Aet_v4.0.dna.toplevel.fa.gz,https://ftp.ebi.ac.uk/ensemblgenomes/pub/plants/release-57/gff3/aegilops_tauschii/Aegilops_tauschii.Aet_v4.0.57.gff3.gz
amborella_trichopoda,https://ftp.ensemblgenomes.ebi.ac.uk/pub/plants/release-57/fasta/amborella_trichopoda/dna/Amborella_trichopoda.AMTR1.0.dna.toplevel.fa.gz,https://ftp.ebi.ac.uk/ensemblgenomes/pub/plants/release-57/gff3/amborella_trichopoda/Amborella_trichopoda.AMTR1.0.57.gff3.gz
ananas_comosus,https://ftp.ensemblgenomes.ebi.ac.uk/pub/plants/release-57/fasta/ananas_comosus/dna/Ananas_comosus.F153.dna.toplevel.fa.gz,https://ftp.ebi.ac.uk/ensemblgenomes/pub/plants/release-57/gff3/ananas_comosus/Ananas_comosus.F153.57.gff3.gz
arabidopsis_halleri,https://ftp.ensemblgenomes.ebi.ac.uk/pub/plants/release-57/fasta/arabidopsis_halleri/dna/Arabidopsis_halleri.Ahal2.2.dna.toplevel.fa.gz,https://ftp.ebi.ac.uk/ensemblgenomes/pub/plants/release-57/gff3/arabidopsis_halleri/Arabidopsis_halleri.Ahal2.2.57.gff3.gz
arabidopsis_lyrata,https://ftp.ensemblgenomes.ebi.ac.uk/pub/plants/release-57/fasta/arabidopsis_lyrata/dna/Arabidopsis_lyrata.v.1.0.dna.toplevel.fa.gz,https://ftp.ebi.ac.uk/ensemblgenomes/pub/plants/release-57/gff3/arabidopsis_lyrata/Arabidopsis_lyrata.v.1.0.57.gff3.gz
arabidopsis_thaliana,https://ftp.ensemblgenomes.ebi.ac.uk/pub/plants/release-57/fasta/arabidopsis_thaliana/dna/Arabidopsis_thaliana.TAIR10.dna.toplevel.fa.gz,https://ftp.ebi.ac.uk/ensemblgenomes/pub/plants/release-57/gff3/arabidopsis_thaliana/Arabidopsis_thaliana.TAIR10.57.gff3.gz
arabis_alpina,https://ftp.ensemblgenomes.ebi.ac.uk/pub/plants/release-57/fasta/arabis_alpina/dna/Arabis_alpina.A_alpina_V4.dna.toplevel.fa.gz,https://ftp.ebi.ac.uk/ensemblgenomes/pub/plants/release-57/gff3/arabis_alpina/
asparagus_officinalis,https://ftp.ensemblgenomes.ebi.ac.uk/pub/plants/release-57/fasta/asparagus_officinalis/dna/Asparagus_officinalis.Aspof.V1.dna.toplevel.fa.gz,https://ftp.ebi.ac.uk/ensemblgenomes/pub/plants/release-57/gff3/asparagus_officinalis/Asparagus_officinalis.Aspof.V1.57.gff3.gz
avena_sativa_ot3098,https://ftp.ensemblgenomes.ebi.ac.uk/pub/plants/release-57/fasta/avena_sativa_ot3098/dna/Avena_sativa_ot3098.Oat_OT3098_v2.dna.toplevel.fa.gz,https://ftp.ebi.ac.uk/ensemblgenomes/pub/plants/release-57/gff3/avena_sativa_ot3098/Avena_sativa_ot3098.Oat_OT3098_v2.57.gff3.gz
avena_sativa_sang,https://ftp.ensemblgenomes.ebi.ac.uk/pub/plants/release-57/fasta/avena_sativa_sang/dna/Avena_sativa_sang.Asativa_sang.v1.1.dna.toplevel.fa.gz,https://ftp.ebi.ac.uk/ensemblgenomes/pub/plants/release-57/gff3/avena_sativa_sang/Avena_sativa_sang.Asativa_sang.v1.1.57.gff3.gz
beta_vulgaris,https://ftp.ensemblgenomes.ebi.ac.uk/pub/plants/release-57/fasta/beta_vulgaris/dna/Beta_vulgaris.RefBeet-1.2.2.dna.toplevel.fa.gz,https://ftp.ebi.ac.uk/ensemblgenomes/pub/plants/release-57/gff3/beta_vulgaris/Beta_vulgaris.RefBeet-1.2.2.57.gff3.gz
brachypodium_distachyon,https://ftp.ensemblgenomes.ebi.ac.uk/pub/plants/release-57/fasta/brachypodium_distachyon/dna/Brachypodium_distachyon.Brachypodium_distachyon_v3.0.dna.toplevel.fa.gz,https://ftp.ebi.ac.uk/ensemblgenomes/pub/plants/release-57/gff3/brachypodium_distachyon/Brachypodium_distachyon.Brachypodium_distachyon_v3.0.57.gff3.gz
brassica_juncea,https://ftp.ensemblgenomes.ebi.ac.uk/pub/plants/release-57/fasta/brassica_juncea/dna/Brassica_juncea.ASM1870372v1.dna.toplevel.fa.gz,https://ftp.ebi.ac.uk/ensemblgenomes/pub/plants/release-57/gff3/brassica_juncea/Brassica_juncea.ASM1870372v1.57.gff3.gz
brassica_napus,https://ftp.ensemblgenomes.ebi.ac.uk/pub/plants/release-57/fasta/brassica_napus/dna/Brassica_napus.AST_PRJEB5043_v1.dna.toplevel.fa.gz,https://ftp.ebi.ac.uk/ensemblgenomes/pub/plants/release-57/gff3/brassica_napus/Brassica_napus.AST_PRJEB5043_v1.57.gff3.gz
brassica_oleracea,https://ftp.ensemblgenomes.ebi.ac.uk/pub/plants/release-57/fasta/brassica_oleracea/dna/Brassica_oleracea.BOL.dna.toplevel.fa.gz,https://ftp.ebi.ac.uk/ensemblgenomes/pub/plants/release-57/gff3/brassica_oleracea/Brassica_oleracea.BOL.57.gff3.gz
brassica_rapa,https://ftp.ensemblgenomes.ebi.ac.uk/pub/plants/release-57/fasta/brassica_rapa/dna/Brassica_rapa.Brapa_1.0.dna.toplevel.fa.gz,https://ftp.ebi.ac.uk/ensemblgenomes/pub/plants/release-57/gff3/brassica_rapa/Brassica_rapa.Brapa_1.0.57.gff3.gz
brassica_rapa_ro18,https://ftp.ensemblgenomes.ebi.ac.uk/pub/plants/release-57/fasta/brassica_rapa_ro18/dna/Brassica_rapa_ro18.SCU_BraROA_2.3.dna.toplevel.fa.gz,https://ftp.ebi.ac.uk/ensemblgenomes/pub/plants/release-57/gff3/brassica_rapa_ro18/Brassica_rapa_ro18.SCU_BraROA_2.3.57.gff3.gz
cajanus_cajan,https://ftp.ensemblgenomes.ebi.ac.uk/pub/plants/release-57/fasta/cajanus_cajan/dna/Cajanus_cajan.C.cajan_V1.0.dna.toplevel.fa.gz,https://ftp.ebi.ac.uk/ensemblgenomes/pub/plants/release-57/gff3/cajanus_cajan/Cajanus_cajan.C.cajan_V1.0.57.gff3.gz
camelina_sativa,https://ftp.ensemblgenomes.ebi.ac.uk/pub/plants/release-57/fasta/camelina_sativa/dna/Camelina_sativa.Cs.dna.toplevel.fa.gz,https://ftp.ebi.ac.uk/ensemblgenomes/pub/plants/release-57/gff3/camelina_sativa/Camelina_sativa.Cs.57.chr.gff3.gz
cannabis_sativa_female,https://ftp.ensemblgenomes.ebi.ac.uk/pub/plants/release-57/fasta/cannabis_sativa_female/dna/Cannabis_sativa_female.cs10.dna.toplevel.fa.gz,https://ftp.ebi.ac.uk/ensemblgenomes/pub/plants/release-57/gff3/cannabis_sativa_female/Cannabis_sativa_female.cs10.57.chr.gff3.gz
capsicum_annuum,https://ftp.ensemblgenomes.ebi.ac.uk/pub/plants/release-57/fasta/capsicum_annuum/dna/Capsicum_annuum.ASM51225v2.dna.toplevel.fa.gz,https://ftp.ebi.ac.uk/ensemblgenomes/pub/plants/release-57/gff3/capsicum_annuum/Capsicum_annuum.ASM51225v2.57.chr.gff3.gz
chara_braunii,https://ftp.ensemblgenomes.ebi.ac.uk/pub/plants/release-57/fasta/chara_braunii/dna/Chara_braunii.Cbr_1.0.dna.toplevel.fa.gz,https://ftp.ebi.ac.uk/ensemblgenomes/pub/plants/release-57/gff3/chara_braunii/Chara_braunii.Cbr_1.0.57.gff3.gz
chenopodium_quinoa,https://ftp.ensemblgenomes.ebi.ac.uk/pub/plants/release-57/fasta/chenopodium_quinoa/dna/Chenopodium_quinoa.ASM168347v1.dna.toplevel.fa.gz,https://ftp.ebi.ac.uk/ensemblgenomes/pub/plants/release-57/gff3/chenopodium_quinoa/Chenopodium_quinoa.ASM168347v1.57.gff3.gz
chlamydomonas_reinhardtii,https://ftp.ensemblgenomes.ebi.ac.uk/pub/plants/release-57/fasta/chlamydomonas_reinhardtii/dna/Chlamydomonas_reinhardtii.Chlamydomonas_reinhardtii_v5.5.dna.toplevel.fa.gz,https://ftp.ebi.ac.uk/ensemblgenomes/pub/plants/release-57/gff3/chlamydomonas_reinhardtii/Chlamydomonas_reinhardtii.Chlamydomonas_reinhardtii_v5.5.57.chr.gff3.gz
chondrus_crispus,https://ftp.ensemblgenomes.ebi.ac.uk/pub/plants/release-57/fasta/chondrus_crispus/dna/Chondrus_crispus.ASM35022v2.dna.toplevel.fa.gz,https://ftp.ebi.ac.uk/ensemblgenomes/pub/plants/release-57/gff3/chondrus_crispus/Chondrus_crispus.ASM35022v2.57.chr.gff3.gz
citrullus_lanatus,https://ftp.ensemblgenomes.ebi.ac.uk/pub/plants/release-57/fasta/citrullus_lanatus/dna/Citrullus_lanatus.Cla97_v1.dna.toplevel.fa.gz,https://ftp.ebi.ac.uk/ensemblgenomes/pub/plants/release-57/gff3/citrullus_lanatus/Citrullus_lanatus.Cla97_v1.57.gff3.gz
citrus_clementina,https://ftp.ensemblgenomes.ebi.ac.uk/pub/plants/release-57/fasta/citrus_clementina/dna/Citrus_clementina.Citrus_clementina_v1.0.dna.toplevel.fa.gz,https://ftp.ebi.ac.uk/ensemblgenomes/pub/plants/release-57/gff3/citrus_clementina/Citrus_clementina.Citrus_clementina_v1.0.57.gff3.gz
coffea_canephora,https://ftp.ensemblgenomes.ebi.ac.uk/pub/plants/release-57/fasta/coffea_canephora/dna/Coffea_canephora.AUK_PRJEB4211_v1.dna.toplevel.fa.gz,https://ftp.ebi.ac.uk/ensemblgenomes/pub/plants/release-57/gff3/coffea_canephora/Coffea_canephora.AUK_PRJEB4211_v1.57.chr.gff3.gz
corchorus_capsularis,https://ftp.ensemblgenomes.ebi.ac.uk/pub/plants/release-57/fasta/corchorus_capsularis/dna/Corchorus_capsularis.CCACVL1_1.0.dna.toplevel.fa.gz,https://ftp.ebi.ac.uk/ensemblgenomes/pub/plants/release-57/gff3/corchorus_capsularis/Corchorus_capsularis.CCACVL1_1.0.57.gff3.gz
corylus_avellana,https://ftp.ensemblgenomes.ebi.ac.uk/pub/plants/release-57/fasta/corylus_avellana/dna/Corylus_avellana.CavTom2PMs-1.0.dna.toplevel.fa.gz,https://ftp.ebi.ac.uk/ensemblgenomes/pub/plants/release-57/gff3/corylus_avellana/Corylus_avellana.CavTom2PMs-1.0.57.gff3.gz
corymbia_citriodora,https://ftp.ensemblgenomes.ebi.ac.uk/pub/plants/release-57/fasta/corymbia_citriodora/dna/Corymbia_citriodora.Ccitriodora_v2_1.dna.toplevel.fa.gz,https://ftp.ebi.ac.uk/ensemblgenomes/pub/plants/release-57/gff3/corymbia_citriodora/Corymbia_citriodora.Ccitriodora_v2_1.57.gff3.gz
cucumis_melo,https://ftp.ensemblgenomes.ebi.ac.uk/pub/plants/release-57/fasta/cucumis_melo/dna/Cucumis_melo.Melonv4.dna.toplevel.fa.gz,https://ftp.ebi.ac.uk/ensemblgenomes/pub/plants/release-57/gff3/cucumis_melo/
cucumis_sativus,https://ftp.ensemblgenomes.ebi.ac.uk/pub/plants/release-57/fasta/cucumis_sativus/dna/Cucumis_sativus.ASM407v2.dna.toplevel.fa.gz,https://ftp.ebi.ac.uk/ensemblgenomes/pub/plants/release-57/gff3/cucumis_sativus/Cucumis_sativus.ASM407v2.57.chr.gff3.gz
cyanidioschyzon_merolae,https://ftp.ensemblgenomes.ebi.ac.uk/pub/plants/release-57/fasta/cyanidioschyzon_merolae/dna/Cyanidioschyzon_merolae.ASM9120v1.dna.toplevel.fa.gz,https://ftp.ebi.ac.uk/ensemblgenomes/pub/plants/release-57/gff3/cyanidioschyzon_merolae/Cyanidioschyzon_merolae.ASM9120v1.57.gff3.gz
cynara_cardunculus,https://ftp.ensemblgenomes.ebi.ac.uk/pub/plants/release-57/fasta/cynara_cardunculus/dna/Cynara_cardunculus.CcrdV1.dna.toplevel.fa.gz,https://ftp.ebi.ac.uk/ensemblgenomes/pub/plants/release-57/gff3/cynara_cardunculus/Cynara_cardunculus.CcrdV1.57.gff3.gz
daucus_carota,https://ftp.ensemblgenomes.ebi.ac.uk/pub/plants/release-57/fasta/daucus_carota/dna/Daucus_carota.ASM162521v1.dna.toplevel.fa.gz,https://ftp.ebi.ac.uk/ensemblgenomes/pub/plants/release-57/gff3/daucus_carota/Daucus_carota.ASM162521v1.57.gff3.gz
digitaria_exilis,https://ftp.ensemblgenomes.ebi.ac.uk/pub/plants/release-57/fasta/digitaria_exilis/dna/Digitaria_exilis.Fonio_CM05836.dna.toplevel.fa.gz,https://ftp.ebi.ac.uk/ensemblgenomes/pub/plants/release-57/gff3/digitaria_exilis/Digitaria_exilis.Fonio_CM05836.57.gff3.gz
dioscorea_rotundata,https://ftp.ensemblgenomes.ebi.ac.uk/pub/plants/release-57/fasta/dioscorea_rotundata/dna/Dioscorea_rotundata.TDr96_F1_v2_PseudoChromosome.dna.toplevel.fa.gz,https://ftp.ebi.ac.uk/ensemblgenomes/pub/plants/release-57/gff3/dioscorea_rotundata/Dioscorea_rotundata.TDr96_F1_v2_PseudoChromosome.57.gff3.gz
echinochloa_crusgalli,https://ftp.ensemblgenomes.ebi.ac.uk/pub/plants/release-57/fasta/echinochloa_crusgalli/dna/Echinochloa_crusgalli.ec_v3.dna.toplevel.fa.gz,https://ftp.ebi.ac.uk/ensemblgenomes/pub/plants/release-57/gff3/echinochloa_crusgalli/Echinochloa_crusgalli.ec_v3.57.gff3.gz
eragrostis_curvula,https://ftp.ensemblgenomes.ebi.ac.uk/pub/plants/release-57/fasta/eragrostis_curvula/dna/Eragrostis_curvula.CERZOS_E.curvula1.0.dna.toplevel.fa.gz,https://ftp.ebi.ac.uk/ensemblgenomes/pub/plants/release-57/gff3/eragrostis_curvula/Eragrostis_curvula.CERZOS_E.curvula1.0.57.gff3.gz
eragrostis_tef,https://ftp.ensemblgenomes.ebi.ac.uk/pub/plants/release-57/fasta/eragrostis_tef/dna/Eragrostis_tef.Salk_teff_dabbi_3.0.dna.toplevel.fa.gz,https://ftp.ebi.ac.uk/ensemblgenomes/pub/plants/release-57/gff3/eragrostis_tef/Eragrostis_tef.Salk_teff_dabbi_3.0.57.gff3.gz
eucalyptus_grandis,https://ftp.ensemblgenomes.ebi.ac.uk/pub/plants/release-57/fasta/eucalyptus_grandis/dna/Eucalyptus_grandis.Egrandis1_0.dna.toplevel.fa.gz,https://ftp.ebi.ac.uk/ensemblgenomes/pub/plants/release-57/gff3/eucalyptus_grandis/Eucalyptus_grandis.Egrandis1_0.57.gff3.gz
eutrema_salsugineum,https://ftp.ensemblgenomes.ebi.ac.uk/pub/plants/release-57/fasta/eutrema_salsugineum/dna/Eutrema_salsugineum.Eutsalg1_0.dna.toplevel.fa.gz,https://ftp.ebi.ac.uk/ensemblgenomes/pub/plants/release-57/gff3/eutrema_salsugineum/Eutrema_salsugineum.Eutsalg1_0.57.gff3.gz
ficus_carica,https://ftp.ensemblgenomes.ebi.ac.uk/pub/plants/release-57/fasta/ficus_carica/dna/Ficus_carica.UNIPI_FiCari_1.0.dna.toplevel.fa.gz,https://ftp.ebi.ac.uk/ensemblgenomes/pub/plants/release-57/gff3/ficus_carica/Ficus_carica.UNIPI_FiCari_1.0.57.gff3.gz
fraxinus_excelsior,https://ftp.ensemblgenomes.ebi.ac.uk/pub/plants/release-57/fasta/fraxinus_excelsior/dna/Fraxinus_excelsior.BATG-0.5.dna.toplevel.fa.gz,https://ftp.ebi.ac.uk/ensemblgenomes/pub/plants/release-57/gff3/fraxinus_excelsior/Fraxinus_excelsior.BATG-0.5.57.gff3.gz
galdieria_sulphuraria,https://ftp.ensemblgenomes.ebi.ac.uk/pub/plants/release-57/fasta/galdieria_sulphuraria/dna/Galdieria_sulphuraria.ASM34128v1.dna.toplevel.fa.gz,https://ftp.ebi.ac.uk/ensemblgenomes/pub/plants/release-57/gff3/galdieria_sulphuraria/Galdieria_sulphuraria.ASM34128v1.57.gff3.gz
glycine_max,https://ftp.ensemblgenomes.ebi.ac.uk/pub/plants/release-57/fasta/glycine_max/dna/Glycine_max.Glycine_max_v2.1.dna.toplevel.fa.gz,https://ftp.ebi.ac.uk/ensemblgenomes/pub/plants/release-57/gff3/glycine_max/Glycine_max.Glycine_max_v2.1.57.gff3.gz
gossypium_raimondii,https://ftp.ensemblgenomes.ebi.ac.uk/pub/plants/release-57/fasta/gossypium_raimondii/dna/Gossypium_raimondii.Graimondii2_0_v6.dna.toplevel.fa.gz,https://ftp.ebi.ac.uk/ensemblgenomes/pub/plants/release-57/gff3/gossypium_raimondii/Gossypium_raimondii.Graimondii2_0_v6.57.gff3.gz
helianthus_annuus,https://ftp.ensemblgenomes.ebi.ac.uk/pub/plants/release-57/fasta/helianthus_annuus/dna/Helianthus_annuus.HanXRQr2.0-SUNRISE.dna.toplevel.fa.gz,https://ftp.ebi.ac.uk/ensemblgenomes/pub/plants/release-57/gff3/helianthus_annuus/Helianthus_annuus.HanXRQr2.0-SUNRISE.57.gff3.gz
hordeum_vulgare,https://ftp.ensemblgenomes.ebi.ac.uk/pub/plants/release-57/fasta/hordeum_vulgare/dna/Hordeum_vulgare.MorexV3_pseudomolecules_assembly.dna.toplevel.fa.gz,https://ftp.ebi.ac.uk/ensemblgenomes/pub/plants/release-57/gff3/hordeum_vulgare/Hordeum_vulgare.MorexV3_pseudomolecules_assembly.57.gff3.gz
hordeum_vulgare_goldenpromise,https://ftp.ensemblgenomes.ebi.ac.uk/pub/plants/release-57/fasta/hordeum_vulgare_goldenpromise/dna/Hordeum_vulgare_goldenpromise.GPv1.dna.toplevel.fa.gz,https://ftp.ebi.ac.uk/ensemblgenomes/pub/plants/release-57/gff3/hordeum_vulgare_goldenpromise/Hordeum_vulgare_goldenpromise.GPv1.57.gff3.gz
hordeum_vulgare_tritex,https://ftp.ensemblgenomes.ebi.ac.uk/pub/plants/release-57/fasta/hordeum_vulgare_tritex/dna/Hordeum_vulgare_tritex.Morex_V2_scaf.dna.toplevel.fa.gz,https://ftp.ebi.ac.uk/ensemblgenomes/pub/plants/release-57/gff3/hordeum_vulgare_tritex/Hordeum_vulgare_tritex.Morex_V2_scaf.57.gff3.gz
ipomoea_triloba,https://ftp.ensemblgenomes.ebi.ac.uk/pub/plants/release-57/fasta/ipomoea_triloba/dna/Ipomoea_triloba.ASM357664v1.dna.toplevel.fa.gz,https://ftp.ebi.ac.uk/ensemblgenomes/pub/plants/release-57/gff3/ipomoea_triloba/Ipomoea_triloba.ASM357664v1.57.gff3.gz
juglans_regia,https://ftp.ensemblgenomes.ebi.ac.uk/pub/plants/release-57/fasta/juglans_regia/dna/Juglans_regia.Walnut_2.0.dna.toplevel.fa.gz,https://ftp.ebi.ac.uk/ensemblgenomes/pub/plants/release-57/gff3/juglans_regia/Juglans_regia.Walnut_2.0.57.gff3.gz
kalanchoe_fedtschenkoi,https://ftp.ensemblgenomes.ebi.ac.uk/pub/plants/release-57/fasta/kalanchoe_fedtschenkoi/dna/Kalanchoe_fedtschenkoi.K_fedtschenkoi_M2_v1.dna.toplevel.fa.gz,https://ftp.ebi.ac.uk/ensemblgenomes/pub/plants/release-57/gff3/kalanchoe_fedtschenkoi/Kalanchoe_fedtschenkoi.K_fedtschenkoi_M2_v1.57.gff3.gz
lactuca_sativa,https://ftp.ensemblgenomes.ebi.ac.uk/pub/plants/release-57/fasta/lactuca_sativa/dna/Lactuca_sativa.Lsat_Salinas_v7.dna.toplevel.fa.gz,https://ftp.ebi.ac.uk/ensemblgenomes/pub/plants/release-57/gff3/lactuca_sativa/Lactuca_sativa.Lsat_Salinas_v7.57.gff3.gz
leersia_perrieri,https://ftp.ensemblgenomes.ebi.ac.uk/pub/plants/release-57/fasta/leersia_perrieri/dna/Leersia_perrieri.Lperr_V1.4.dna.toplevel.fa.gz,https://ftp.ebi.ac.uk/ensemblgenomes/pub/plants/release-57/gff3/leersia_perrieri/Leersia_perrieri.Lperr_V1.4.57.gff3.gz
lolium_perenne,https://ftp.ensemblgenomes.ebi.ac.uk/pub/plants/release-57/fasta/lolium_perenne/dna/Lolium_perenne.MPB_Lper_Kyuss_1697.dna.toplevel.fa.gz,https://ftp.ebi.ac.uk/ensemblgenomes/pub/plants/release-57/gff3/lolium_perenne/Lolium_perenne.MPB_Lper_Kyuss_1697.57.gff3.gz
lupinus_angustifolius,https://ftp.ensemblgenomes.ebi.ac.uk/pub/plants/release-57/fasta/lupinus_angustifolius/dna/Lupinus_angustifolius.LupAngTanjil_v1.0.dna.toplevel.fa.gz,https://ftp.ebi.ac.uk/ensemblgenomes/pub/plants/release-57/gff3/lupinus_angustifolius/Lupinus_angustifolius.LupAngTanjil_v1.0.57.gff3.gz
malus_domestica_golden,https://ftp.ensemblgenomes.ebi.ac.uk/pub/plants/release-57/fasta/malus_domestica_golden/dna/Malus_domestica_golden.ASM211411v1.dna.toplevel.fa.gz,https://ftp.ebi.ac.uk/ensemblgenomes/pub/plants/release-57/gff3/malus_domestica_golden/Malus_domestica_golden.ASM211411v1.57.gff3.gz
manihot_esculenta,https://ftp.ensemblgenomes.ebi.ac.uk/pub/plants/release-57/fasta/manihot_esculenta/dna/Manihot_esculenta.Manihot_esculenta_v6.dna.toplevel.fa.gz,https://ftp.ebi.ac.uk/ensemblgenomes/pub/plants/release-57/gff3/manihot_esculenta/Manihot_esculenta.Manihot_esculenta_v6.57.gff3.gz
marchantia_polymorpha,https://ftp.ensemblgenomes.ebi.ac.uk/pub/plants/release-57/fasta/marchantia_polymorpha/dna/Marchantia_polymorpha.Marchanta_polymorpha_v1.dna.toplevel.fa.gz,https://ftp.ebi.ac.uk/ensemblgenomes/pub/plants/release-57/gff3/marchantia_polymorpha/Marchantia_polymorpha.Marchanta_polymorpha_v1.57.gff3.gz
medicago_truncatula,https://ftp.ensemblgenomes.ebi.ac.uk/pub/plants/release-57/fasta/medicago_truncatula/dna/Medicago_truncatula.MedtrA17_4.0.dna.toplevel.fa.gz,https://ftp.ebi.ac.uk/ensemblgenomes/pub/plants/release-57/gff3/medicago_truncatula/Medicago_truncatula.MedtrA17_4.0.57.gff3.gz
musa_acuminata,https://ftp.ensemblgenomes.ebi.ac.uk/pub/plants/release-57/fasta/musa_acuminata/dna/Musa_acuminata.Musa_acuminata_v2.dna.toplevel.fa.gz,https://ftp.ebi.ac.uk/ensemblgenomes/pub/plants/release-57/gff3/musa_acuminata/Musa_acuminata.Musa_acuminata_v2.57.gff3.gz
nicotiana_attenuata,https://ftp.ensemblgenomes.ebi.ac.uk/pub/plants/release-57/fasta/nicotiana_attenuata/dna/Nicotiana_attenuata.NIATTr2.dna.toplevel.fa.gz,https://ftp.ebi.ac.uk/ensemblgenomes/pub/plants/release-57/gff3/nicotiana_attenuata/Nicotiana_attenuata.NIATTr2.57.gff3.gz
nymphaea_colorata,https://ftp.ensemblgenomes.ebi.ac.uk/pub/plants/release-57/fasta/nymphaea_colorata/dna/Nymphaea_colorata.ASM883128v1.dna.toplevel.fa.gz,https://ftp.ebi.ac.uk/ensemblgenomes/pub/plants/release-57/gff3/nymphaea_colorata/Nymphaea_colorata.ASM883128v1.57.gff3.gz
olea_europaea,https://ftp.ensemblgenomes.ebi.ac.uk/pub/plants/release-57/fasta/olea_europaea/dna/Olea_europaea.OLEA9.dna.toplevel.fa.gz,https://ftp.ebi.ac.uk/ensemblgenomes/pub/plants/release-57/gff3/olea_europaea/Olea_europaea.OLEA9.57.gff3.gz
olea_europaea_sylvestris,https://ftp.ensemblgenomes.ebi.ac.uk/pub/plants/release-57/fasta/olea_europaea_sylvestris/dna/Olea_europaea_sylvestris.O_europaea_v1.dna.toplevel.fa.gz,https://ftp.ebi.ac.uk/ensemblgenomes/pub/plants/release-57/gff3/olea_europaea_sylvestris/Olea_europaea_sylvestris.O_europaea_v1.57.gff3.gz
oryza_barthii,https://ftp.ensemblgenomes.ebi.ac.uk/pub/plants/release-57/fasta/oryza_barthii/dna/Oryza_barthii.O.barthii_v1.dna.toplevel.fa.gz,https://ftp.ebi.ac.uk/ensemblgenomes/pub/plants/release-57/gff3/oryza_barthii/Oryza_barthii.O.barthii_v1.57.gff3.gz
oryza_brachyantha,https://ftp.ensemblgenomes.ebi.ac.uk/pub/plants/release-57/fasta/oryza_brachyantha/dna/Oryza_brachyantha.Oryza_brachyantha.v1.4b.dna.toplevel.fa.gz,https://ftp.ebi.ac.uk/ensemblgenomes/pub/plants/release-57/gff3/oryza_brachyantha/Oryza_brachyantha.Oryza_brachyantha.v1.4b.57.gff3.gz
oryza_glaberrima,https://ftp.ensemblgenomes.ebi.ac.uk/pub/plants/release-57/fasta/oryza_glaberrima/dna/Oryza_glaberrima.Oryza_glaberrima_V1.dna.toplevel.fa.gz,https://ftp.ebi.ac.uk/ensemblgenomes/pub/plants/release-57/gff3/oryza_glaberrima/Oryza_glaberrima.Oryza_glaberrima_V1.57.gff3.gz
oryza_glumipatula,https://ftp.ensemblgenomes.ebi.ac.uk/pub/plants/release-57/fasta/oryza_glumipatula/dna/Oryza_glumipatula.Oryza_glumaepatula_v1.5.dna.toplevel.fa.gz,https://ftp.ebi.ac.uk/ensemblgenomes/pub/plants/release-57/gff3/oryza_glumipatula/Oryza_glumipatula.Oryza_glumaepatula_v1.5.57.gff3.gz
oryza_indica,https://ftp.ensemblgenomes.ebi.ac.uk/pub/plants/release-57/fasta/oryza_indica/dna/Oryza_indica.ASM465v1.dna.toplevel.fa.gz,https://ftp.ebi.ac.uk/ensemblgenomes/pub/plants/release-57/gff3/oryza_indica/Oryza_indica.ASM465v1.57.gff3.gz
oryza_longistaminata,https://ftp.ensemblgenomes.ebi.ac.uk/pub/plants/release-57/fasta/oryza_longistaminata/dna/Oryza_longistaminata.O_longistaminata_v1.0.dna.toplevel.fa.gz,https://ftp.ebi.ac.uk/ensemblgenomes/pub/plants/release-57/gff3/oryza_longistaminata/Oryza_longistaminata.O_longistaminata_v1.0.57.gff3.gz
oryza_meridionalis,https://ftp.ensemblgenomes.ebi.ac.uk/pub/plants/release-57/fasta/oryza_meridionalis/dna/Oryza_meridionalis.Oryza_meridionalis_v1.3.dna.toplevel.fa.gz,https://ftp.ebi.ac.uk/ensemblgenomes/pub/plants/release-57/gff3/oryza_meridionalis/Oryza_meridionalis.Oryza_meridionalis_v1.3.57.gff3.gz
oryza_nivara,https://ftp.ensemblgenomes.ebi.ac.uk/pub/plants/release-57/fasta/oryza_nivara/dna/Oryza_nivara.Oryza_nivara_v1.0.dna.toplevel.fa.gz,https://ftp.ebi.ac.uk/ensemblgenomes/pub/plants/release-57/gff3/oryza_nivara/Oryza_nivara.Oryza_nivara_v1.0.57.gff3.gz
oryza_punctata,https://ftp.ensemblgenomes.ebi.ac.uk/pub/plants/release-57/fasta/oryza_punctata/dna/Oryza_punctata.Oryza_punctata_v1.2.dna.toplevel.fa.gz,https://ftp.ebi.ac.uk/ensemblgenomes/pub/plants/release-57/gff3/oryza_punctata/Oryza_punctata.Oryza_punctata_v1.2.57.gff3.gz
oryza_rufipogon,https://ftp.ensemblgenomes.ebi.ac.uk/pub/plants/release-57/fasta/oryza_rufipogon/dna/Oryza_rufipogon.OR_W1943.dna.toplevel.fa.gz,https://ftp.ebi.ac.uk/ensemblgenomes/pub/plants/release-57/gff3/oryza_rufipogon/Oryza_rufipogon.OR_W1943.57.gff3.gz
oryza_sativa,https://ftp.ensemblgenomes.ebi.ac.uk/pub/plants/release-57/fasta/oryza_sativa/dna/Oryza_sativa.IRGSP-1.0.dna.toplevel.fa.gz,https://ftp.ebi.ac.uk/ensemblgenomes/pub/plants/release-57/gff3/oryza_sativa/Oryza_sativa.IRGSP-1.0.57.gff3.gz
oryza_sativa_arc,https://ftp.ensemblgenomes.ebi.ac.uk/pub/plants/release-57/fasta/oryza_sativa_arc/dna/Oryza_sativa_arc.Os117425RS1.dna.toplevel.fa.gz,https://ftp.ebi.ac.uk/ensemblgenomes/pub/plants/release-57/gff3/oryza_sativa_arc/Oryza_sativa_arc.Os117425RS1.57.gff3.gz
oryza_sativa_azucena,https://ftp.ensemblgenomes.ebi.ac.uk/pub/plants/release-57/fasta/oryza_sativa_azucena/dna/Oryza_sativa_azucena.AzucenaRS1.dna.toplevel.fa.gz,https://ftp.ebi.ac.uk/ensemblgenomes/pub/plants/release-57/gff3/oryza_sativa_azucena/Oryza_sativa_azucena.AzucenaRS1.57.gff3.gz
oryza_sativa_chaomeo,https://ftp.ensemblgenomes.ebi.ac.uk/pub/plants/release-57/fasta/oryza_sativa_chaomeo/dna/Oryza_sativa_chaomeo.Os132278RS1.dna.toplevel.fa.gz,https://ftp.ebi.ac.uk/ensemblgenomes/pub/plants/release-57/gff3/oryza_sativa_chaomeo/Oryza_sativa_chaomeo.Os132278RS1.57.gff3.gz
oryza_sativa_gobolsailbalam,https://ftp.ensemblgenomes.ebi.ac.uk/pub/plants/release-57/fasta/oryza_sativa_gobolsailbalam/dna/Oryza_sativa_gobolsailbalam.Os132424RS1.dna.toplevel.fa.gz,https://ftp.ebi.ac.uk/ensemblgenomes/pub/plants/release-57/gff3/oryza_sativa_gobolsailbalam/Oryza_sativa_gobolsailbalam.Os132424RS1.57.gff3.gz
oryza_sativa_ir64,https://ftp.ensemblgenomes.ebi.ac.uk/pub/plants/release-57/fasta/oryza_sativa_ir64/dna/Oryza_sativa_ir64.OsIR64RS1.dna.toplevel.fa.gz,https://ftp.ebi.ac.uk/ensemblgenomes/pub/plants/release-57/gff3/oryza_sativa_ir64/Oryza_sativa_ir64.OsIR64RS1.57.gff3.gz
oryza_sativa_ketannangka,https://ftp.ensemblgenomes.ebi.ac.uk/pub/plants/release-57/fasta/oryza_sativa_ketannangka/dna/Oryza_sativa_ketannangka.Os128077RS1.dna.toplevel.fa.gz,https://ftp.ebi.ac.uk/ensemblgenomes/pub/plants/release-57/gff3/oryza_sativa_ketannangka/Oryza_sativa_ketannangka.Os128077RS1.57.gff3.gz
oryza_sativa_khaoyaiguang,https://ftp.ensemblgenomes.ebi.ac.uk/pub/plants/release-57/fasta/oryza_sativa_khaoyaiguang/dna/Oryza_sativa_khaoyaiguang.Os127518RS1.dna.toplevel.fa.gz,https://ftp.ebi.ac.uk/ensemblgenomes/pub/plants/release-57/gff3/oryza_sativa_khaoyaiguang/Oryza_sativa_khaoyaiguang.Os127518RS1.57.gff3.gz
oryza_sativa_larhamugad,https://ftp.ensemblgenomes.ebi.ac.uk/pub/plants/release-57/fasta/oryza_sativa_larhamugad/dna/Oryza_sativa_larhamugad.Os125619RS1.dna.toplevel.fa.gz,https://ftp.ebi.ac.uk/ensemblgenomes/pub/plants/release-57/gff3/oryza_sativa_larhamugad/Oryza_sativa_larhamugad.Os125619RS1.57.gff3.gz
oryza_sativa_lima,https://ftp.ensemblgenomes.ebi.ac.uk/pub/plants/release-57/fasta/oryza_sativa_lima/dna/Oryza_sativa_lima.Os127564RS1.dna.toplevel.fa.gz,https://ftp.ebi.ac.uk/ensemblgenomes/pub/plants/release-57/gff3/oryza_sativa_lima/Oryza_sativa_lima.Os127564RS1.57.gff3.gz
"oryza_sativa_liuxu",https://ftp.ensemblgenomes.ebi.ac.uk/pub/plants/release-57/fasta/oryza_sativa_liuxu/dna/Oryza_sativa_liuxu.Os125827RS1.dna.toplevel.fa.gz,https://ftp.ebi.ac.uk/ensemblgenomes/pub/plants/release-57/gff3/oryza_sativa_liuxu/Oryza_sativa_liuxu.Os125827RS1.57.gff3.gz
oryza_sativa_mh63,https://ftp.ensemblgenomes.ebi.ac.uk/pub/plants/release-57/fasta/oryza_sativa_mh63/dna/Oryza_sativa_mh63.MH63RS2.dna.toplevel.fa.gz,https://ftp.ebi.ac.uk/ensemblgenomes/pub/plants/release-57/gff3/oryza_sativa_mh63/Oryza_sativa_mh63.MH63RS2.57.gff3.gz
oryza_sativa_n22,https://ftp.ensemblgenomes.ebi.ac.uk/pub/plants/release-57/fasta/oryza_sativa_n22/dna/Oryza_sativa_n22.OsN22RS2.dna.toplevel.fa.gz,https://ftp.ebi.ac.uk/ensemblgenomes/pub/plants/release-57/gff3/oryza_sativa_n22/Oryza_sativa_n22.OsN22RS2.57.gff3.gz
oryza_sativa_natelboro,https://ftp.ensemblgenomes.ebi.ac.uk/pub/plants/release-57/fasta/oryza_sativa_natelboro/dna/Oryza_sativa_natelboro.Os127652RS1.dna.toplevel.fa.gz,https://ftp.ebi.ac.uk/ensemblgenomes/pub/plants/release-57/gff3/oryza_sativa_natelboro/Oryza_sativa_natelboro.Os127652RS1.57.gff3.gz
oryza_sativa_pr106,https://ftp.ensemblgenomes.ebi.ac.uk/pub/plants/release-57/fasta/oryza_sativa_pr106/dna/Oryza_sativa_pr106.Os127742RS1.dna.toplevel.fa.gz,https://ftp.ebi.ac.uk/ensemblgenomes/pub/plants/release-57/gff3/oryza_sativa_pr106/Oryza_sativa_pr106.Os127742RS1.57.gff3.gz
oryza_sativa_zs97,https://ftp.ensemblgenomes.ebi.ac.uk/pub/plants/release-57/fasta/oryza_sativa_zs97/dna/Oryza_sativa_zs97.ZS97RS3.dna.toplevel.fa.gz,https://ftp.ebi.ac.uk/ensemblgenomes/pub/plants/release-57/gff3/oryza_sativa_zs97/Oryza_sativa_zs97.ZS97RS3.57.gff3.gz
ostreococcus_lucimarinus,https://ftp.ensemblgenomes.ebi.ac.uk/pub/plants/release-57/fasta/ostreococcus_lucimarinus/dna/Ostreococcus_lucimarinus.ASM9206v1.dna.toplevel.fa.gz,https://ftp.ebi.ac.uk/ensemblgenomes/pub/plants/release-57/gff3/ostreococcus_lucimarinus/Ostreococcus_lucimarinus.ASM9206v1.57.gff3.gz
panicum_hallii,https://ftp.ensemblgenomes.ebi.ac.uk/pub/plants/release-57/fasta/ficus_carica/dna/Ficus_carica.UNIPI_FiCari_1.0.dna.toplevel.fa.gz,https://ftp.ebi.ac.uk/ensemblgenomes/pub/plants/release-57/gff3/panicum_hallii/Panicum_hallii.PhalliiHAL_v2.1.57.gff3.gz
panicum_hallii_fil2,https://ftp.ebi.ac.uk/ensemblgenomes/pub/plants/release-57/fasta/panicum_hallii_fil2/dna/Panicum_hallii_fil2.PHallii_v3.1.dna.toplevel.fa.gz,https://ftp.ebi.ac.uk/ensemblgenomes/pub/plants/release-57/gff3/panicum_hallii_fil2/Panicum_hallii_fil2.PHallii_v3.1.57.gff3.gz
papaver_somniferum,https://ftp.ebi.ac.uk/ensemblgenomes/pub/plants/release-57/fasta/papaver_somniferum/dna/Papaver_somniferum.ASM357369v1.dna.toplevel.fa.gz,https://ftp.ebi.ac.uk/ensemblgenomes/pub/plants/release-57/gff3/papaver_somniferum/Papaver_somniferum.ASM357369v1.57.gff3.gz
phaseolus_vulgaris,https://ftp.ebi.ac.uk/ensemblgenomes/pub/plants/release-57/fasta/phaseolus_vulgaris/dna/Phaseolus_vulgaris.PhaVulg1_0.dna.toplevel.fa.gz,https://ftp.ebi.ac.uk/ensemblgenomes/pub/plants/release-57/gff3/phaseolus_vulgaris/Phaseolus_vulgaris.PhaVulg1_0.57.gff3.gz
physcomitrium_patens,https://ftp.ebi.ac.uk/ensemblgenomes/pub/plants/release-57/fasta/physcomitrium_patens/dna/Physcomitrium_patens.Phypa_V3.dna.toplevel.fa.gz,https://ftp.ebi.ac.uk/ensemblgenomes/pub/plants/release-57/gff3/physcomitrium_patens/Physcomitrium_patens.Phypa_V3.57.gff3.gz
pistacia_vera,https://ftp.ebi.ac.uk/ensemblgenomes/pub/plants/release-57/fasta/pistacia_vera/dna/Pistacia_vera.PisVer_v2.dna.toplevel.fa.gz,https://ftp.ebi.ac.uk/ensemblgenomes/pub/plants/release-57/gff3/pistacia_vera/Pistacia_vera.PisVer_v2.57.gff3.gz
pisum_sativum,https://ftp.ebi.ac.uk/ensemblgenomes/pub/plants/release-57/fasta/pisum_sativum/dna/Pisum_sativum.Pisum_sativum_v1a.dna.toplevel.fa.gz,https://ftp.ebi.ac.uk/ensemblgenomes/pub/plants/release-57/gff3/pisum_sativum/Pisum_sativum.Pisum_sativum_v1a.57.gff3.gz
populus_trichocarpa,https://ftp.ebi.ac.uk/ensemblgenomes/pub/plants/release-57/fasta/populus_trichocarpa/dna/Populus_trichocarpa.Pop_tri_v4.dna.toplevel.fa.gz,https://ftp.ebi.ac.uk/ensemblgenomes/pub/plants/release-57/gff3/populus_trichocarpa/Populus_trichocarpa.Pop_tri_v4.57.gff3.gz
prunus_avium,https://ftp.ebi.ac.uk/ensemblgenomes/pub/plants/release-57/fasta/prunus_avium/dna/Prunus_avium.PAV_r1.0.dna.toplevel.fa.gz,https://ftp.ebi.ac.uk/ensemblgenomes/pub/plants/release-57/gff3/prunus_avium/Prunus_avium.PAV_r1.0.57.gff3.gz
prunus_dulcis,https://ftp.ebi.ac.uk/ensemblgenomes/pub/plants/release-57/fasta/prunus_dulcis/dna/Prunus_dulcis.ALMONDv2.dna.toplevel.fa.gz,https://ftp.ebi.ac.uk/ensemblgenomes/pub/plants/release-57/gff3/prunus_dulcis/Prunus_dulcis.ALMONDv2.57.gff3.gz
prunus_persica,https://ftp.ebi.ac.uk/ensemblgenomes/pub/plants/release-57/fasta/prunus_persica/dna/Prunus_persica.Prunus_persica_NCBIv2.dna.toplevel.fa.gz,https://ftp.ebi.ac.uk/ensemblgenomes/pub/plants/release-57/gff3/prunus_persica/Prunus_persica.Prunus_persica_NCBIv2.57.gff3.gz
quercus_lobata,https://ftp.ebi.ac.uk/ensemblgenomes/pub/plants/release-57/fasta/quercus_lobata/dna/Quercus_lobata.ValleyOak3.0.dna.toplevel.fa.gz,https://ftp.ebi.ac.uk/ensemblgenomes/pub/plants/release-57/gff3/quercus_lobata/Quercus_lobata.ValleyOak3.0.57.gff3.gz
quercus_suber,https://ftp.ebi.ac.uk/ensemblgenomes/pub/plants/release-57/fasta/quercus_suber/dna/Quercus_suber.CorkOak1.0.dna.toplevel.fa.gz,https://ftp.ebi.ac.uk/ensemblgenomes/pub/plants/release-57/gff3/quercus_suber/Quercus_suber.CorkOak1.0.57.gff3.gz
rosa_chinensis,https://ftp.ebi.ac.uk/ensemblgenomes/pub/plants/release-57/fasta/rosa_chinensis/dna/Rosa_chinensis.RchiOBHm-V2.dna.toplevel.fa.gz,https://ftp.ebi.ac.uk/ensemblgenomes/pub/plants/release-57/gff3/rosa_chinensis/Rosa_chinensis.RchiOBHm-V2.57.gff3.gz
saccharum_spontaneum,https://ftp.ebi.ac.uk/ensemblgenomes/pub/plants/release-57/fasta/saccharum_spontaneum/dna/Saccharum_spontaneum.Sspon.HiC_chr_asm.dna.toplevel.fa.gz,https://ftp.ebi.ac.uk/ensemblgenomes/pub/plants/release-57/gff3/saccharum_spontaneum/Saccharum_spontaneum.Sspon.HiC_chr_asm.57.gff3.gz
secale_cereale,https://ftp.ebi.ac.uk/ensemblgenomes/pub/plants/release-57/fasta/secale_cereale/dna/Secale_cereale.Rye_Lo7_2018_v1p1p1.dna.toplevel.fa.gz,https://ftp.ebi.ac.uk/ensemblgenomes/pub/plants/release-57/gff3/secale_cereale/Secale_cereale.Rye_Lo7_2018_v1p1p1.57.gff3.gz
selaginella_moellendorffii,https://ftp.ebi.ac.uk/ensemblgenomes/pub/plants/release-57/fasta/selaginella_moellendorffii/dna/Selaginella_moellendorffii.v1.0.dna.toplevel.fa.gz,https://ftp.ebi.ac.uk/ensemblgenomes/pub/plants/release-57/gff3/selaginella_moellendorffii/Selaginella_moellendorffii.v1.0.57.gff3.gz
sesamum_indicum,https://ftp.ebi.ac.uk/ensemblgenomes/pub/plants/release-57/fasta/sesamum_indicum/dna/Sesamum_indicum.S_indicum_v1.0.dna.toplevel.fa.gz,https://ftp.ebi.ac.uk/ensemblgenomes/pub/plants/release-57/gff3/sesamum_indicum/Sesamum_indicum.S_indicum_v1.0.57.gff3.gz
setaria_italica,https://ftp.ebi.ac.uk/ensemblgenomes/pub/plants/release-57/fasta/setaria_italica/dna/Setaria_italica.Setaria_italica_v2.0.dna.toplevel.fa.gz,https://ftp.ebi.ac.uk/ensemblgenomes/pub/plants/release-57/gff3/setaria_italica/Setaria_italica.Setaria_italica_v2.0.57.gff3.gz
setaria_viridis,https://ftp.ebi.ac.uk/ensemblgenomes/pub/plants/release-57/fasta/setaria_viridis/dna/Setaria_viridis.Setaria_viridis_v2.0.dna.toplevel.fa.gz,https://ftp.ebi.ac.uk/ensemblgenomes/pub/plants/release-57/gff3/setaria_viridis/Setaria_viridis.Setaria_viridis_v2.0.57.gff3.gz
solanum_lycopersicum,https://ftp.ebi.ac.uk/ensemblgenomes/pub/plants/release-57/fasta/solanum_lycopersicum/dna/Solanum_lycopersicum.SL3.0.dna.toplevel.fa.gz,https://ftp.ebi.ac.uk/ensemblgenomes/pub/plants/release-57/gff3/solanum_lycopersicum/Solanum_lycopersicum.SL3.0.57.gff3.gz
solanum_tuberosum,https://ftp.ebi.ac.uk/ensemblgenomes/pub/plants/release-57/fasta/solanum_tuberosum/dna/Solanum_tuberosum.SolTub_3.0.dna.toplevel.fa.gz,https://ftp.ebi.ac.uk/ensemblgenomes/pub/plants/release-57/gff3/solanum_tuberosum/Solanum_tuberosum.SolTub_3.0.57.gff3.gz
solanum_tuberosum_rh8903916,https://ftp.ebi.ac.uk/ensemblgenomes/pub/plants/release-57/fasta/solanum_tuberosum_rh8903916/dna/Solanum_tuberosum_rh8903916.ASM1418947v1.dna.toplevel.fa.gz,https://ftp.ebi.ac.uk/ensemblgenomes/pub/plants/release-57/gff3/solanum_tuberosum_rh8903916/Solanum_tuberosum_rh8903916.ASM1418947v1.57.gff3.gz
sorghum_bicolor,https://ftp.ebi.ac.uk/ensemblgenomes/pub/plants/release-57/fasta/sorghum_bicolor/dna/Sorghum_bicolor.Sorghum_bicolor_NCBIv3.dna.toplevel.fa.gz,https://ftp.ebi.ac.uk/ensemblgenomes/pub/plants/release-57/gff3/sorghum_bicolor/Sorghum_bicolor.Sorghum_bicolor_NCBIv3.57.gff3.gz
theobroma_cacao,https://ftp.ebi.ac.uk/ensemblgenomes/pub/plants/release-57/fasta/theobroma_cacao/dna/Theobroma_cacao.Theobroma_cacao_20110822.dna.toplevel.fa.gz,https://ftp.ebi.ac.uk/ensemblgenomes/pub/plants/release-57/gff3/theobroma_cacao/Theobroma_cacao.Theobroma_cacao_20110822.57.gff3.gz
theobroma_cacao_criollo,https://ftp.ebi.ac.uk/ensemblgenomes/pub/plants/release-57/fasta/theobroma_cacao_criollo/dna/Theobroma_cacao_criollo.Criollo_cocoa_genome_V2.dna.toplevel.fa.gz,https://ftp.ebi.ac.uk/ensemblgenomes/pub/plants/release-57/gff3/theobroma_cacao_criollo/Theobroma_cacao_criollo.Criollo_cocoa_genome_V2.57.gff3.gz
trifolium_pratense,https://ftp.ebi.ac.uk/ensemblgenomes/pub/plants/release-57/fasta/trifolium_pratense/dna/Trifolium_pratense.Trpr.dna.toplevel.fa.gz,https://ftp.ebi.ac.uk/ensemblgenomes/pub/plants/release-57/gff3/trifolium_pratense/Trifolium_pratense.Trpr.57.gff3.gz
triticum_aestivum,https://ftp.ebi.ac.uk/ensemblgenomes/pub/plants/release-57/fasta/triticum_aestivum/dna/Triticum_aestivum.IWGSC.dna.toplevel.fa.gz,https://ftp.ebi.ac.uk/ensemblgenomes/pub/plants/release-57/gff3/triticum_aestivum/Triticum_aestivum.IWGSC.57.gff3.gz
triticum_aestivum_arinalrfor,https://ftp.ebi.ac.uk/ensemblgenomes/pub/plants/release-57/fasta/triticum_aestivum_arinalrfor/dna/Triticum_aestivum_arinalrfor.PGSBv2.1.dna.toplevel.fa.gz,https://ftp.ebi.ac.uk/ensemblgenomes/pub/plants/release-57/gff3/triticum_aestivum_arinalrfor/Triticum_aestivum_arinalrfor.PGSBv2.1.57.gff3.gz
triticum_aestivum_cadenza,https://ftp.ebi.ac.uk/ensemblgenomes/pub/plants/release-57/fasta/triticum_aestivum_cadenza/dna/Triticum_aestivum_cadenza.EIv1.1.dna.toplevel.fa.gz,https://ftp.ebi.ac.uk/ensemblgenomes/pub/plants/release-57/gff3/triticum_aestivum_cadenza/Triticum_aestivum_cadenza.EIv1.1.57.gff3.gz
triticum_aestivum_claire,https://ftp.ebi.ac.uk/ensemblgenomes/pub/plants/release-57/fasta/triticum_aestivum_claire/dna/Triticum_aestivum_claire.EIv1.1.dna.toplevel.fa.gz,https://ftp.ebi.ac.uk/ensemblgenomes/pub/plants/release-57/gff3/triticum_aestivum_claire/Triticum_aestivum_claire.EIv1.1.57.gff3.gz
triticum_aestivum_jagger,https://ftp.ebi.ac.uk/ensemblgenomes/pub/plants/release-57/fasta/triticum_aestivum_jagger/dna/Triticum_aestivum_jagger.PGSBv2.1.dna.toplevel.fa.gz,https://ftp.ebi.ac.uk/ensemblgenomes/pub/plants/release-57/gff3/triticum_aestivum_jagger/Triticum_aestivum_jagger.PGSBv2.1.57.gff3.gz
triticum_aestivum_julius,https://ftp.ebi.ac.uk/ensemblgenomes/pub/plants/release-57/fasta/triticum_aestivum_julius/dna/Triticum_aestivum_julius.PGSBv2.1.dna.toplevel.fa.gz,https://ftp.ebi.ac.uk/ensemblgenomes/pub/plants/release-57/gff3/triticum_aestivum_julius/Triticum_aestivum_julius.PGSBv2.1.57.gff3.gz
triticum_aestivum_kariega,https://ftp.ebi.ac.uk/ensemblgenomes/pub/plants/release-57/fasta/triticum_aestivum_kariega/dna/Triticum_aestivum_kariega.Tae_Kariega_v1.dna.toplevel.fa.gz,https://ftp.ebi.ac.uk/ensemblgenomes/pub/plants/release-57/gff3/triticum_aestivum_kariega/Triticum_aestivum_kariega.Tae_Kariega_v1.57.gff3.gz
triticum_aestivum_lancer,https://ftp.ebi.ac.uk/ensemblgenomes/pub/plants/release-57/fasta/triticum_aestivum_lancer/dna/Triticum_aestivum_lancer.PGSBv2.1.dna.toplevel.fa.gz,https://ftp.ebi.ac.uk/ensemblgenomes/pub/plants/release-57/gff3/triticum_aestivum_lancer/Triticum_aestivum_lancer.PGSBv2.1.57.gff3.gz
triticum_aestivum_landmark,https://ftp.ebi.ac.uk/ensemblgenomes/pub/plants/release-57/fasta/triticum_aestivum_landmark/dna/Triticum_aestivum_landmark.PGSBv2.1.dna.toplevel.fa.gz,https://ftp.ebi.ac.uk/ensemblgenomes/pub/plants/release-57/gff3/triticum_aestivum_landmark/Triticum_aestivum_landmark.PGSBv2.1.57.gff3.gz
triticum_aestivum_mace,https://ftp.ebi.ac.uk/ensemblgenomes/pub/plants/release-57/fasta/triticum_aestivum_mace/dna/Triticum_aestivum_mace.PGSBv2.1.dna.toplevel.fa.gz,https://ftp.ebi.ac.uk/ensemblgenomes/pub/plants/release-57/gff3/triticum_aestivum_mace/Triticum_aestivum_mace.PGSBv2.1.57.gff3.gz
triticum_aestivum_mattis,https://ftp.ebi.ac.uk/ensemblgenomes/pub/plants/release-57/fasta/triticum_aestivum_mattis/dna/Triticum_aestivum_mattis.PGSBv2.1.dna.toplevel.fa.gz,https://ftp.ebi.ac.uk/ensemblgenomes/pub/plants/release-57/gff3/triticum_aestivum_mattis/Triticum_aestivum_mattis.PGSBv2.1.57.gff3.gz
triticum_aestivum_norin61,https://ftp.ebi.ac.uk/ensemblgenomes/pub/plants/release-57/fasta/triticum_aestivum_norin61/dna/Triticum_aestivum_norin61.PGSBv2.1.dna.toplevel.fa.gz,https://ftp.ebi.ac.uk/ensemblgenomes/pub/plants/release-57/gff3/triticum_aestivum_norin61/Triticum_aestivum_norin61.PGSBv2.1.57.gff3.gz
triticum_aestivum_paragon,https://ftp.ebi.ac.uk/ensemblgenomes/pub/plants/release-57/fasta/triticum_aestivum_paragon/dna/Triticum_aestivum_paragon.EIv1.1.dna.toplevel.fa.gz,https://ftp.ebi.ac.uk/ensemblgenomes/pub/plants/release-57/gff3/triticum_aestivum_paragon/Triticum_aestivum_paragon.EIv1.1.57.gff3.gz
riticum_aestivum_refseqv2,https://ftp.ebi.ac.uk/ensemblgenomes/pub/plants/release-57/fasta/triticum_aestivum_refseqv2/dna/Triticum_aestivum_refseqv2.IWGSC_RefSeq_v2.1.dna.toplevel.fa.gz,https://ftp.ebi.ac.uk/ensemblgenomes/pub/plants/release-57/gff3/triticum_aestivum_refseqv2/Triticum_aestivum_refseqv2.IWGSC_RefSeq_v2.1.57.gff3.gz
triticum_aestivum_renan,https://ftp.ebi.ac.uk/ensemblgenomes/pub/plants/release-57/fasta/triticum_aestivum_renan/dna/Triticum_aestivum_renan.Triticum_aestivum_Renan_v2.1.dna.toplevel.fa.gz,https://ftp.ebi.ac.uk/ensemblgenomes/pub/plants/release-57/gff3/triticum_aestivum_renan/Triticum_aestivum_renan.Triticum_aestivum_Renan_v2.1.57.gff3.gz
triticum_aestivum_robigus,https://ftp.ebi.ac.uk/ensemblgenomes/pub/plants/release-57/fasta/triticum_aestivum_robigus/dna/Triticum_aestivum_robigus.EIv1.1.dna.toplevel.fa.gz,https://ftp.ebi.ac.uk/ensemblgenomes/pub/plants/release-57/gff3/triticum_aestivum_robigus/Triticum_aestivum_robigus.EIv1.1.57.gff3.gz
triticum_aestivum_stanley,https://ftp.ebi.ac.uk/ensemblgenomes/pub/plants/release-57/fasta/triticum_aestivum_stanley/dna/Triticum_aestivum_stanley.PGSBv2.2.dna.toplevel.fa.gz,https://ftp.ebi.ac.uk/ensemblgenomes/pub/plants/release-57/gff3/triticum_aestivum_stanley/Triticum_aestivum_stanley.PGSBv2.2.57.gff3.gz
triticum_aestivum_weebil,https://ftp.ebi.ac.uk/ensemblgenomes/pub/plants/release-57/fasta/triticum_aestivum_weebil/dna/Triticum_aestivum_weebil.WeebilV1.dna.toplevel.fa.gz,https://ftp.ebi.ac.uk/ensemblgenomes/pub/plants/release-57/gff3/triticum_aestivum_weebil/Triticum_aestivum_weebil.WeebilV1.57.gff3.gz
triticum_dicoccoides,https://ftp.ebi.ac.uk/ensemblgenomes/pub/plants/release-57/fasta/triticum_dicoccoides/dna/Triticum_dicoccoides.WEWSeq_v.1.0.dna.toplevel.fa.gz,https://ftp.ebi.ac.uk/ensemblgenomes/pub/plants/release-57/gff3/triticum_dicoccoides/Triticum_dicoccoides.WEWSeq_v.1.0.57.gff3.gz
triticum_spelta,https://ftp.ebi.ac.uk/ensemblgenomes/pub/plants/release-57/fasta/triticum_spelta/dna/Triticum_spelta.PGSBv2.0.dna.toplevel.fa.gz,https://ftp.ebi.ac.uk/ensemblgenomes/pub/plants/release-57/gff3/triticum_spelta/Triticum_spelta.PGSBv2.0.57.gff3.gz
triticum_turgidum,https://ftp.ebi.ac.uk/ensemblgenomes/pub/plants/release-57/fasta/triticum_turgidum/dna/Triticum_turgidum.Svevo.v1.dna.toplevel.fa.gz,https://ftp.ebi.ac.uk/ensemblgenomes/pub/plants/release-57/gff3/triticum_turgidum/Triticum_turgidum.Svevo.v1.57.gff3.gz
triticum_urartu,https://ftp.ebi.ac.uk/ensemblgenomes/pub/plants/release-57/fasta/triticum_urartu/dna/Triticum_urartu.IGDB.dna.toplevel.fa.gz,https://ftp.ebi.ac.uk/ensemblgenomes/pub/plants/release-57/gff3/triticum_urartu/Triticum_urartu.IGDB.57.gff3.gz
vigna_angularis,https://ftp.ebi.ac.uk/ensemblgenomes/pub/plants/release-57/fasta/vigna_angularis/dna/Vigna_angularis.Vigan1.1.dna.toplevel.fa.gz,https://ftp.ebi.ac.uk/ensemblgenomes/pub/plants/release-57/gff3/vigna_angularis/
vigna_radiata,https://ftp.ebi.ac.uk/ensemblgenomes/pub/plants/release-57/fasta/vigna_radiata/dna/Vigna_radiata.Vradiata_ver6.dna.toplevel.fa.gz,https://ftp.ebi.ac.uk/ensemblgenomes/pub/plants/release-57/gff3/vigna_radiata/Vigna_radiata.Vradiata_ver6.57.gff3.gz
vigna_unguiculata,https://ftp.ebi.ac.uk/ensemblgenomes/pub/plants/release-57/fasta/vigna_unguiculata/dna/Vigna_unguiculata.ASM411807v1.dna.toplevel.fa.gz,https://ftp.ebi.ac.uk/ensemblgenomes/pub/plants/release-57/gff3/vigna_unguiculata/Vigna_unguiculata.ASM411807v1.57.gff3.gz
vitis_vinifera,https://ftp.ebi.ac.uk/ensemblgenomes/pub/plants/release-57/fasta/vitis_vinifera/dna/Vitis_vinifera.PN40024.v4.dna.toplevel.fa.gz,https://ftp.ebi.ac.uk/ensemblgenomes/pub/plants/release-57/gff3/vitis_vinifera/Vitis_vinifera.PN40024.v4.57.gff3.gz
zea_mays,https://ftp.ebi.ac.uk/ensemblgenomes/pub/plants/release-57/fasta/zea_mays/dna/Zea_mays.Zm-B73-REFERENCE-NAM-5.0.dna.toplevel.fa.gz,https://ftp.ebi.ac.uk/ensemblgenomes/pub/plants/release-57/gff3/zea_mays/Zea_mays.Zm-B73-REFERENCE-NAM-5.0.57.gff3.gz