Name,fna_link,gff_link
Abrus_precatorius,https://ftp.ncbi.nlm.nih.gov/genomes/refseq/plant/Abrus_precatorius/latest_assembly_versions/GCF_003935025.1_Abrus_2018/GCF_003935025.1_Abrus_2018_genomic.fna.gz,https://ftp.ncbi.nlm.nih.gov/genomes/refseq/plant/Abrus_precatorius/annotation_releases/100/GCF_003935025.1_Abrus_2018/GCF_003935025.1_Abrus_2018_genomic.gff.gz
Actinidia_eriantha,https://ftp.ncbi.nlm.nih.gov/genomes/refseq/plant/Actinidia_eriantha/latest_assembly_versions/GCF_019202715.1_MaoHua_MHT/GCF_019202715.1_MaoHua_MHT_genomic.fna.gz,https://ftp.ncbi.nlm.nih.gov/genomes/refseq/plant/Actinidia_eriantha/annotation_releases/GCF_019202715.1-RS_2023_06/GCF_019202715.1_MaoHua_MHT_genomic.gff.gz
Aegilops_tauschii,https://ftp.ncbi.nlm.nih.gov/genomes/refseq/plant/Aegilops_tauschii/latest_assembly_versions/GCF_002575655.2_Aet_v5.0/GCF_002575655.2_Aet_v5.0_genomic.fna.gz,https://ftp.ncbi.nlm.nih.gov/genomes/refseq/plant/Aegilops_tauschii/annotation_releases/GCF_002575655.2_Aet_v5.0/GCF_002575655.2_Aet_v5.0_genomic.gff.gz
Amaranthus_tricolor,https://ftp.ncbi.nlm.nih.gov/genomes/refseq/plant/Amaranthus_tricolor/latest_assembly_versions/GCF_026212465.1_ASM2621246v1/GCF_026212465.1_ASM2621246v1_genomic.fna.gz,https://ftp.ncbi.nlm.nih.gov/genomes/refseq/plant/Amaranthus_tricolor/annotation_releases/GCF_026212465.1-RS_2023_06/GCF_026212465.1_ASM2621246v1_genomic.gff.gz
Amborella_trichopoda,https://ftp.ncbi.nlm.nih.gov/genomes/refseq/plant/Amborella_trichopoda/latest_assembly_versions/GCF_000471905.2_AMTR1.0/GCF_000471905.2_AMTR1.0_genomic.fna.gz,https://ftp.ncbi.nlm.nih.gov/genomes/refseq/plant/Amborella_trichopoda/annotation_releases/GCF_000471905.2_AMTR1.0/GCF_000471905.2_AMTR1.0_genomic.gff.gz
Ananas_comosus,https://ftp.ncbi.nlm.nih.gov/genomes/refseq/plant/Ananas_comosus/latest_assembly_versions/GCF_001540865.1_ASM154086v1/GCF_001540865.1_ASM154086v1_genomic.fna.gz,https://ftp.ncbi.nlm.nih.gov/genomes/refseq/plant/Ananas_comosus/latest_assembly_versions/GCF_001540865.1_ASM154086v1/GCF_001540865.1_ASM154086v1_genomic.gff.gz
Andrographis_paniculata,https://ftp.ncbi.nlm.nih.gov/genomes/refseq/plant/Andrographis_paniculata/latest_assembly_versions/GCF_009805555.1_ASM980555v1/GCF_009805555.1_ASM980555v1_genomic.fna.gz,https://ftp.ncbi.nlm.nih.gov/genomes/refseq/plant/Andrographis_paniculata/latest_assembly_versions/GCF_009805555.1_ASM980555v1/GCF_009805555.1_ASM980555v1_genomic.gff.gz
Arabidopsis_lyrata,https://ftp.ncbi.nlm.nih.gov/genomes/refseq/plant/Arabidopsis_lyrata/latest_assembly_versions/GCF_000004255.2_v.1.0/GCF_000004255.2_v.1.0_genomic.fna.gz,https://ftp.ncbi.nlm.nih.gov/genomes/refseq/plant/Arabidopsis_lyrata/latest_assembly_versions/GCF_000004255.2_v.1.0/GCF_000004255.2_v.1.0_genomic.gff.gz
Arabidopsis_thaliana,https://ftp.ncbi.nlm.nih.gov/genomes/refseq/plant/Arabidopsis_thaliana/latest_assembly_versions/GCF_000001735.4_TAIR10.1/GCF_000001735.4_TAIR10.1_genomic.fna.gz,https://ftp.ncbi.nlm.nih.gov/genomes/refseq/plant/Arabidopsis_thaliana/latest_assembly_versions/GCF_000001735.4_TAIR10.1/GCF_000001735.4_TAIR10.1_genomic.gff.gz
Arachis_duranensis,https://ftp.ncbi.nlm.nih.gov/genomes/refseq/plant/Arachis_duranensis/latest_assembly_versions/GCF_000817695.3_aradu.V14167.gnm2.J7QH/GCF_000817695.3_aradu.V14167.gnm2.J7QH_genomic.fna.gz,https://ftp.ncbi.nlm.nih.gov/genomes/refseq/plant/Arachis_duranensis/latest_assembly_versions/GCF_000817695.3_aradu.V14167.gnm2.J7QH/GCF_000817695.3_aradu.V14167.gnm2.J7QH_genomic.gff.gz
Arachis_hypogaea,https://ftp.ncbi.nlm.nih.gov/genomes/refseq/plant/Arachis_hypogaea/latest_assembly_versions/GCF_003086295.2_arahy.Tifrunner.gnm1.KYV3/GCF_003086295.2_arahy.Tifrunner.gnm1.KYV3_genomic.fna.gz,https://ftp.ncbi.nlm.nih.gov/genomes/refseq/plant/Arachis_hypogaea/latest_assembly_versions/GCF_003086295.2_arahy.Tifrunner.gnm1.KYV3/GCF_003086295.2_arahy.Tifrunner.gnm1.KYV3_genomic.gff.gz
Arachis_ipaensis,https://ftp.ncbi.nlm.nih.gov/genomes/refseq/plant/Arachis_ipaensis/latest_assembly_versions/GCF_000816755.2_Araip1.1/GCF_000816755.2_Araip1.1_genomic.fna.gz,https://ftp.ncbi.nlm.nih.gov/genomes/refseq/plant/Arachis_ipaensis/latest_assembly_versions/GCF_000816755.2_Araip1.1/GCF_000816755.2_Araip1.1_genomic.gff.gz
Arachis_stenosperma,https://ftp.ncbi.nlm.nih.gov/genomes/refseq/plant/Arachis_stenosperma/latest_assembly_versions/GCF_014773155.1_arast.V10309.gnm1.PFL2/GCF_014773155.1_arast.V10309.gnm1.PFL2_genomic.fna.gz,https://ftp.ncbi.nlm.nih.gov/genomes/refseq/plant/Arachis_stenosperma/latest_assembly_versions/GCF_014773155.1_arast.V10309.gnm1.PFL2/GCF_014773155.1_arast.V10309.gnm1.PFL2_genomic.gff.gz
Asparagus_officinalis,https://ftp.ncbi.nlm.nih.gov/genomes/refseq/plant/Asparagus_officinalis/latest_assembly_versions/GCF_001876935.1_Aspof.V1/GCF_001876935.1_Aspof.V1_genomic.fna.gz,https://ftp.ncbi.nlm.nih.gov/genomes/refseq/plant/Asparagus_officinalis/latest_assembly_versions/GCF_001876935.1_Aspof.V1/GCF_001876935.1_Aspof.V1_genomic.gff.gz
Auxenochlorella_protothecoides,https://ftp.ncbi.nlm.nih.gov/genomes/refseq/plant/Auxenochlorella_protothecoides/latest_assembly_versions/GCF_000733215.1_ASM73321v1/GCF_000733215.1_ASM73321v1_genomic.fna.gz,https://ftp.ncbi.nlm.nih.gov/genomes/refseq/plant/Auxenochlorella_protothecoides/latest_assembly_versions/GCF_000733215.1_ASM73321v1/GCF_000733215.1_ASM73321v1_genomic.gff.gz
Bathycoccus_prasinos,https://ftp.ncbi.nlm.nih.gov/genomes/refseq/plant/Bathycoccus_prasinos/latest_assembly_versions/GCF_002220235.1_ASM222023v1/GCF_002220235.1_ASM222023v1_genomic.fna.gz,https://ftp.ncbi.nlm.nih.gov/genomes/refseq/plant/Bathycoccus_prasinos/latest_assembly_versions/GCF_002220235.1_ASM222023v1/GCF_002220235.1_ASM222023v1_genomic.gff.gz
Benincasa_hispida,https://ftp.ncbi.nlm.nih.gov/genomes/refseq/plant/Benincasa_hispida/latest_assembly_versions/GCF_009727055.1_ASM972705v1/GCF_009727055.1_ASM972705v1_genomic.fna.gz,https://ftp.ncbi.nlm.nih.gov/genomes/refseq/plant/Benincasa_hispida/latest_assembly_versions/GCF_009727055.1_ASM972705v1/GCF_009727055.1_ASM972705v1_genomic.gff.gz
Beta_vulgaris,https://ftp.ncbi.nlm.nih.gov/genomes/refseq/plant/Beta_vulgaris/latest_assembly_versions/GCF_026745355.1_EL10.2/GCF_026745355.1_EL10.2_genomic.fna.gz,https://ftp.ncbi.nlm.nih.gov/genomes/refseq/plant/Beta_vulgaris/latest_assembly_versions/GCF_026745355.1_EL10.2/GCF_026745355.1_EL10.2_genomic.gff.gz
Brachypodium_distachyon,https://ftp.ncbi.nlm.nih.gov/genomes/refseq/plant/Brachypodium_distachyon/latest_assembly_versions/GCF_000005505.3_Brachypodium_distachyon_v3.0/GCF_000005505.3_Brachypodium_distachyon_v3.0_genomic.fna.gz,https://ftp.ncbi.nlm.nih.gov/genomes/refseq/plant/Brachypodium_distachyon/latest_assembly_versions/GCF_000005505.3_Brachypodium_distachyon_v3.0/GCF_000005505.3_Brachypodium_distachyon_v3.0_genomic.gff.gz
Brassica_napus,https://ftp.ncbi.nlm.nih.gov/genomes/refseq/plant/Brassica_napus/latest_assembly_versions/GCF_020379485.1_Da-Ae/GCF_020379485.1_Da-Ae_genomic.fna.gz,https://ftp.ncbi.nlm.nih.gov/genomes/refseq/plant/Brassica_napus/latest_assembly_versions/GCF_020379485.1_Da-Ae/GCF_020379485.1_Da-Ae_genomic.gff.gz
Brassica_oleracea,https://ftp.ncbi.nlm.nih.gov/genomes/refseq/plant/Brassica_oleracea/latest_assembly_versions/GCF_000695525.1_BOL/GCF_000695525.1_BOL_genomic.fna.gz,https://ftp.ncbi.nlm.nih.gov/genomes/refseq/plant/Brassica_oleracea/latest_assembly_versions/GCF_000695525.1_BOL/GCF_000695525.1_BOL_genomic.gff.gz
Brassica_rapa,https://ftp.ncbi.nlm.nih.gov/genomes/refseq/plant/Brassica_rapa/latest_assembly_versions/GCF_000309985.2_CAAS_Brap_v3.01/GCF_000309985.2_CAAS_Brap_v3.01_genomic.fna.gz,https://ftp.ncbi.nlm.nih.gov/genomes/refseq/plant/Brassica_rapa/latest_assembly_versions/GCF_000309985.2_CAAS_Brap_v3.01/GCF_000309985.2_CAAS_Brap_v3.01_genomic.gff.gz
Cajanus_cajan,https://ftp.ncbi.nlm.nih.gov/genomes/refseq/plant/Cajanus_cajan/latest_assembly_versions/GCF_000340665.2_C.cajan_V1.1/GCF_000340665.2_C.cajan_V1.1_genomic.fna.gz,https://ftp.ncbi.nlm.nih.gov/genomes/refseq/plant/Cajanus_cajan/latest_assembly_versions/GCF_000340665.2_C.cajan_V1.1/GCF_000340665.2_C.cajan_V1.1_genomic.gff.gz
Camelina_sativa,https://ftp.ncbi.nlm.nih.gov/genomes/refseq/plant/Camelina_sativa/latest_assembly_versions/GCF_000633955.1_Cs/GCF_000633955.1_Cs_genomic.fna.gz,https://ftp.ncbi.nlm.nih.gov/genomes/refseq/plant/Camelina_sativa/latest_assembly_versions/GCF_000633955.1_Cs/GCF_000633955.1_Cs_genomic.gff.gz
Camellia_sinensis,https://ftp.ncbi.nlm.nih.gov/genomes/refseq/plant/Camellia_sinensis/latest_assembly_versions/GCF_004153795.1_AHAU_CSS_1/GCF_004153795.1_AHAU_CSS_1_genomic.fna.gz,https://ftp.ncbi.nlm.nih.gov/genomes/refseq/plant/Camellia_sinensis/latest_assembly_versions/GCF_004153795.1_AHAU_CSS_1/GCF_004153795.1_AHAU_CSS_1_genomic.gff.gz
Cannabis_sativa,https://ftp.ncbi.nlm.nih.gov/genomes/refseq/plant/Cannabis_sativa/latest_assembly_versions/GCF_900626175.2_cs10/GCF_900626175.2_cs10_genomic.fna.gz,https://ftp.ncbi.nlm.nih.gov/genomes/refseq/plant/Cannabis_sativa/latest_assembly_versions/GCF_900626175.2_cs10/GCF_900626175.2_cs10_genomic.gff.gz
Capsella_rubella,https://ftp.ncbi.nlm.nih.gov/genomes/refseq/plant/Capsella_rubella/latest_assembly_versions/GCF_000375325.1_Caprub1_0/GCF_000375325.1_Caprub1_0_genomic.fna.gz,https://ftp.ncbi.nlm.nih.gov/genomes/refseq/plant/Capsella_rubella/latest_assembly_versions/GCF_000375325.1_Caprub1_0/GCF_000375325.1_Caprub1_0_genomic.gff.gz
Capsicum_annuum,https://ftp.ncbi.nlm.nih.gov/genomes/refseq/plant/Capsicum_annuum/latest_assembly_versions/GCF_002878395.1_UCD10Xv1.1/GCF_002878395.1_UCD10Xv1.1_genomic.fna.gz,https://ftp.ncbi.nlm.nih.gov/genomes/refseq/plant/Capsicum_annuum/latest_assembly_versions/GCF_002878395.1_UCD10Xv1.1/GCF_002878395.1_UCD10Xv1.1_genomic.gff.gz
Carica_papaya,https://ftp.ncbi.nlm.nih.gov/genomes/refseq/plant/Carica_papaya/latest_assembly_versions/GCF_000150535.2_Papaya1.0/GCF_000150535.2_Papaya1.0_genomic.fna.gz,https://ftp.ncbi.nlm.nih.gov/genomes/refseq/plant/Carica_papaya/latest_assembly_versions/GCF_000150535.2_Papaya1.0/GCF_000150535.2_Papaya1.0_genomic.gff.gz
Carya_illinoinensis,https://ftp.ncbi.nlm.nih.gov/genomes/refseq/plant/Carya_illinoinensis/latest_assembly_versions/GCF_018687715.1_C.illinoinensisPawnee_v1/GCF_018687715.1_C.illinoinensisPawnee_v1_genomic.fna.gz,https://ftp.ncbi.nlm.nih.gov/genomes/refseq/plant/Carya_illinoinensis/latest_assembly_versions/GCF_018687715.1_C.illinoinensisPawnee_v1/GCF_018687715.1_C.illinoinensisPawnee_v1_genomic.gff.gz
Chenopodium_quinoa,https://ftp.ncbi.nlm.nih.gov/genomes/refseq/plant/Chenopodium_quinoa/latest_assembly_versions/GCF_001683475.1_ASM168347v1/GCF_001683475.1_ASM168347v1_genomic.fna.gz,https://ftp.ncbi.nlm.nih.gov/genomes/refseq/plant/Chenopodium_quinoa/latest_assembly_versions/GCF_001683475.1_ASM168347v1/GCF_001683475.1_ASM168347v1_genomic.gff.gz
Chlamydomonas_reinhardtii,https://ftp.ncbi.nlm.nih.gov/genomes/refseq/plant/Chlamydomonas_reinhardtii/latest_assembly_versions/GCF_000002595.2_Chlamydomonas_reinhardtii_v5.5/GCF_000002595.2_Chlamydomonas_reinhardtii_v5.5_genomic.fna.gz,https://ftp.ncbi.nlm.nih.gov/genomes/refseq/plant/Chlamydomonas_reinhardtii/latest_assembly_versions/GCF_000002595.2_Chlamydomonas_reinhardtii_v5.5/GCF_000002595.2_Chlamydomonas_reinhardtii_v5.5_genomic.gff.gz
Chlorella_variabilis,https://ftp.ncbi.nlm.nih.gov/genomes/refseq/plant/Chlorella_variabilis/latest_assembly_versions/GCF_000147415.1_v_1.0/GCF_000147415.1_v_1.0_genomic.fna.gz,https://ftp.ncbi.nlm.nih.gov/genomes/refseq/plant/Chlorella_variabilis/latest_assembly_versions/GCF_000147415.1_v_1.0/GCF_000147415.1_v_1.0_genomic.gff.gz
Chondrus_crispus,https://ftp.ncbi.nlm.nih.gov/genomes/refseq/plant/Chondrus_crispus/latest_assembly_versions/GCF_000350225.1_ASM35022v2/GCF_000350225.1_ASM35022v2_genomic.fna.gz,https://ftp.ncbi.nlm.nih.gov/genomes/refseq/plant/Chondrus_crispus/latest_assembly_versions/GCF_000350225.1_ASM35022v2/GCF_000350225.1_ASM35022v2_genomic.gff.gz
Cicer_arietinum,https://ftp.ncbi.nlm.nih.gov/genomes/refseq/plant/Cicer_arietinum/latest_assembly_versions/GCF_000331145.1_ASM33114v1/GCF_000331145.1_ASM33114v1_genomic.fna.gz,https://ftp.ncbi.nlm.nih.gov/genomes/refseq/plant/Cicer_arietinum/latest_assembly_versions/GCF_000331145.1_ASM33114v1/GCF_000331145.1_ASM33114v1_genomic.gff.gz
Citrus_sinensis,https://ftp.ncbi.nlm.nih.gov/genomes/refseq/plant/Citrus_sinensis/latest_assembly_versions/GCF_022201045.2_DVS_A1.0/GCF_022201045.2_DVS_A1.0_genomic.fna.gz,https://ftp.ncbi.nlm.nih.gov/genomes/refseq/plant/Citrus_sinensis/latest_assembly_versions/GCF_022201045.2_DVS_A1.0/GCF_022201045.2_DVS_A1.0_genomic.gff.gz
Citrus_x_clementina,https://ftp.ncbi.nlm.nih.gov/genomes/refseq/plant/Citrus_x_clementina/latest_assembly_versions/GCF_000493195.1_Citrus_clementina_v1.0/GCF_000493195.1_Citrus_clementina_v1.0_genomic.fna.gz,https://ftp.ncbi.nlm.nih.gov/genomes/refseq/plant/Citrus_x_clementina/latest_assembly_versions/GCF_000493195.1_Citrus_clementina_v1.0/GCF_000493195.1_Citrus_clementina_v1.0_genomic.gff.gz
Coccomyxa_subellipsoidea,https://ftp.ncbi.nlm.nih.gov/genomes/refseq/plant/Coccomyxa_subellipsoidea/latest_assembly_versions/GCF_000258705.1_Coccomyxa_subellipsoidae_v2.0/GCF_000258705.1_Coccomyxa_subellipsoidae_v2.0_genomic.fna.gz,https://ftp.ncbi.nlm.nih.gov/genomes/refseq/plant/Coccomyxa_subellipsoidea/latest_assembly_versions/GCF_000258705.1_Coccomyxa_subellipsoidae_v2.0/GCF_000258705.1_Coccomyxa_subellipsoidae_v2.0_genomic.gff.gz
Coffea_arabica,https://ftp.ncbi.nlm.nih.gov/genomes/refseq/plant/Coffea_arabica/latest_assembly_versions/GCF_003713225.1_Cara_1.0/GCF_003713225.1_Cara_1.0_genomic.fna.gz,https://ftp.ncbi.nlm.nih.gov/genomes/refseq/plant/Coffea_arabica/latest_assembly_versions/GCF_003713225.1_Cara_1.0/GCF_003713225.1_Cara_1.0_genomic.gff.gz
Coffea_eugenioides,https://ftp.ncbi.nlm.nih.gov/genomes/refseq/plant/Coffea_eugenioides/latest_assembly_versions/GCF_003713205.1_Ceug_1.0/GCF_003713205.1_Ceug_1.0_genomic.fna.gz,https://ftp.ncbi.nlm.nih.gov/genomes/refseq/plant/Coffea_eugenioides/latest_assembly_versions/GCF_003713205.1_Ceug_1.0/GCF_003713205.1_Ceug_1.0_genomic.gff.gz
Cornus_florida,https://ftp.ncbi.nlm.nih.gov/genomes/refseq/plant/Cornus_florida/latest_assembly_versions/GCF_030987335.1_ASM3098733v1/GCF_030987335.1_ASM3098733v1_genomic.fna.gz,https://ftp.ncbi.nlm.nih.gov/genomes/refseq/plant/Cornus_florida/latest_assembly_versions/GCF_030987335.1_ASM3098733v1/GCF_030987335.1_ASM3098733v1_genomic.gff.gz
Corylus_avellana,https://ftp.ncbi.nlm.nih.gov/genomes/refseq/plant/Corylus_avellana/latest_assembly_versions/GCF_901000735.1_CavTom2PMs-1.0/GCF_901000735.1_CavTom2PMs-1.0_genomic.fna.gz,https://ftp.ncbi.nlm.nih.gov/genomes/refseq/plant/Corylus_avellana/latest_assembly_versions/GCF_901000735.1_CavTom2PMs-1.0/GCF_901000735.1_CavTom2PMs-1.0_genomic.gff.gz
Cryptomeria_japonica,https://ftp.ncbi.nlm.nih.gov/genomes/refseq/plant/Cryptomeria_japonica/latest_assembly_versions/GCF_030272615.1_Sugi_1.0/GCF_030272615.1_Sugi_1.0_genomic.fna.gz,https://ftp.ncbi.nlm.nih.gov/genomes/refseq/plant/Cryptomeria_japonica/latest_assembly_versions/GCF_030272615.1_Sugi_1.0/GCF_030272615.1_Sugi_1.0_genomic.gff.gz
Cucumis_melo,https://ftp.ncbi.nlm.nih.gov/genomes/refseq/plant/Cucumis_melo/latest_assembly_versions/GCF_025177605.1_USDA_Cmelo_AY_1.0/GCF_025177605.1_USDA_Cmelo_AY_1.0_genomic.fna.gz,https://ftp.ncbi.nlm.nih.gov/genomes/refseq/plant/Cucumis_melo/latest_assembly_versions/GCF_025177605.1_USDA_Cmelo_AY_1.0/GCF_025177605.1_USDA_Cmelo_AY_1.0_genomic.gff.gz
Cucumis_sativus,https://ftp.ncbi.nlm.nih.gov/genomes/refseq/plant/Cucumis_sativus/latest_assembly_versions/GCF_000004075.3_Cucumber_9930_V3/GCF_000004075.3_Cucumber_9930_V3_genomic.fna.gz,https://ftp.ncbi.nlm.nih.gov/genomes/refseq/plant/Cucumis_sativus/latest_assembly_versions/GCF_000004075.3_Cucumber_9930_V3/GCF_000004075.3_Cucumber_9930_V3_genomic.gff.gz
Cucurbita_maxima,https://ftp.ncbi.nlm.nih.gov/genomes/refseq/plant/Cucurbita_maxima/latest_assembly_versions/GCF_002738345.1_Cmax_1.0/GCF_002738345.1_Cmax_1.0_genomic.fna.gz,https://ftp.ncbi.nlm.nih.gov/genomes/refseq/plant/Cucurbita_maxima/latest_assembly_versions/GCF_002738345.1_Cmax_1.0/GCF_002738345.1_Cmax_1.0_genomic.gff.gz
Cucurbita_pepo,https://ftp.ncbi.nlm.nih.gov/genomes/refseq/plant/Cucurbita_pepo/latest_assembly_versions/GCF_002806865.2_ASM280686v2/GCF_002806865.2_ASM280686v2_genomic.fna.gz,https://ftp.ncbi.nlm.nih.gov/genomes/refseq/plant/Cucurbita_pepo/latest_assembly_versions/GCF_002806865.2_ASM280686v2/GCF_002806865.2_ASM280686v2_genomic.gff.gz
Cyanidioschyzon_merolae,https://ftp.ncbi.nlm.nih.gov/genomes/refseq/plant/Cyanidioschyzon_merolae/latest_assembly_versions/GCF_000091205.1_ASM9120v1/GCF_000091205.1_ASM9120v1_genomic.fna.gz,https://ftp.ncbi.nlm.nih.gov/genomes/refseq/plant/Cyanidioschyzon_merolae/latest_assembly_versions/GCF_000091205.1_ASM9120v1/GCF_000091205.1_ASM9120v1_genomic.gff.gz
Cynara_cardunculus,https://ftp.ncbi.nlm.nih.gov/genomes/refseq/plant/Cynara_cardunculus/latest_assembly_versions/GCF_001531365.2_CcrdV1.1/GCF_001531365.2_CcrdV1.1_genomic.fna.gz,https://ftp.ncbi.nlm.nih.gov/genomes/refseq/plant/Cynara_cardunculus/latest_assembly_versions/GCF_001531365.2_CcrdV1.1/GCF_001531365.2_CcrdV1.1_genomic.gff.gz
Daucus_carota,https://ftp.ncbi.nlm.nih.gov/genomes/refseq/plant/Daucus_carota/latest_assembly_versions/GCF_001625215.1_ASM162521v1/GCF_001625215.1_ASM162521v1_genomic.fna.gz,https://ftp.ncbi.nlm.nih.gov/genomes/refseq/plant/Daucus_carota/latest_assembly_versions/GCF_001625215.1_ASM162521v1/GCF_001625215.1_ASM162521v1_genomic.gff.gz
Dendrobium_catenatum,https://ftp.ncbi.nlm.nih.gov/genomes/refseq/plant/Dendrobium_catenatum/latest_assembly_versions/GCF_001605985.2_ASM160598v2/GCF_001605985.2_ASM160598v2_genomic.fna.gz,https://ftp.ncbi.nlm.nih.gov/genomes/refseq/plant/Dendrobium_catenatum/latest_assembly_versions/GCF_001605985.2_ASM160598v2/GCF_001605985.2_ASM160598v2_genomic.gff.gz
Dendrobium_officinale,https://ftp.ncbi.nlm.nih.gov/genomes/refseq/plant/Dendrobium_officinale/annotation_releases/100/GCF_001605985.1_ASM160598v1/GCF_001605985.1_ASM160598v1_genomic.fna.gz,https://ftp.ncbi.nlm.nih.gov/genomes/refseq/plant/Dendrobium_officinale/annotation_releases/100/GCF_001605985.1_ASM160598v1/GCF_001605985.1_ASM160598v1_genomic.gff.gz
Dioscorea_cayenensis,https://ftp.ncbi.nlm.nih.gov/genomes/refseq/plant/Dioscorea_cayenensis/latest_assembly_versions/GCF_009730915.1_TDr96_F1_v2_PseudoChromosome.rev07_lg8_w22_25.fasta/GCF_009730915.1_TDr96_F1_v2_PseudoChromosome.rev07_lg8_w22_25.fasta_genomic.fna.gz,https://ftp.ncbi.nlm.nih.gov/genomes/refseq/plant/Dioscorea_cayenensis/latest_assembly_versions/GCF_009730915.1_TDr96_F1_v2_PseudoChromosome.rev07_lg8_w22_25.fasta/GCF_009730915.1_TDr96_F1_v2_PseudoChromosome.rev07_lg8_w22_25.fasta_genomic.gff.gz
Diospyros_lotus,https://ftp.ncbi.nlm.nih.gov/genomes/refseq/plant/Diospyros_lotus/latest_assembly_versions/GCF_014633365.1_ASM1463336v1/GCF_014633365.1_ASM1463336v1_genomic.fna.gz,https://ftp.ncbi.nlm.nih.gov/genomes/refseq/plant/Diospyros_lotus/latest_assembly_versions/GCF_014633365.1_ASM1463336v1/GCF_014633365.1_ASM1463336v1_genomic.gff.gz
Durio_zibethinus,https://ftp.ncbi.nlm.nih.gov/genomes/refseq/plant/Durio_zibethinus/latest_assembly_versions/GCF_002303985.1_Duzib1.0/GCF_002303985.1_Duzib1.0_genomic.fna.gz,https://ftp.ncbi.nlm.nih.gov/genomes/refseq/plant/Durio_zibethinus/latest_assembly_versions/GCF_002303985.1_Duzib1.0/GCF_002303985.1_Duzib1.0_genomic.gff.gz
Elaeis_guineensis,https://ftp.ncbi.nlm.nih.gov/genomes/refseq/plant/Elaeis_guineensis/latest_assembly_versions/GCF_000442705.1_EG5/GCF_000442705.1_EG5_genomic.fna.gz,https://ftp.ncbi.nlm.nih.gov/genomes/refseq/plant/Elaeis_guineensis/latest_assembly_versions/GCF_000442705.1_EG5/GCF_000442705.1_EG5_genomic.gff.gz
Erigeron_canadensis,https://ftp.ncbi.nlm.nih.gov/genomes/refseq/plant/Erigeron_canadensis/annotation_releases/GCF_010389155.1_C_canadensis_v1/GCF_010389155.1_C_canadensis_v1_genomic.fna.gz,https://ftp.ncbi.nlm.nih.gov/genomes/refseq/plant/Erigeron_canadensis/latest_assembly_versions/GCF_010389155.1_C_canadensis_v1/GCF_010389155.1_C_canadensis_v1_genomic.gff.gz
Erythranthe_guttata,https://ftp.ncbi.nlm.nih.gov/genomes/refseq/plant/Erythranthe_guttata/latest_assembly_versions/GCF_000504015.1_Mimgu1_0/GCF_000504015.1_Mimgu1_0_genomic.fna.gz,https://ftp.ncbi.nlm.nih.gov/genomes/refseq/plant/Erythranthe_guttata/latest_assembly_versions/GCF_000504015.1_Mimgu1_0/GCF_000504015.1_Mimgu1_0_genomic.gff.gz
Eucalyptus_grandis,https://ftp.ncbi.nlm.nih.gov/genomes/refseq/plant/Eucalyptus_grandis/latest_assembly_versions/GCF_016545825.1_ASM1654582v1/GCF_016545825.1_ASM1654582v1_genomic.fna.gz,https://ftp.ncbi.nlm.nih.gov/genomes/refseq/plant/Eucalyptus_grandis/latest_assembly_versions/GCF_016545825.1_ASM1654582v1/GCF_016545825.1_ASM1654582v1_genomic.gff.gz
Eutrema_salsugineum,https://ftp.ncbi.nlm.nih.gov/genomes/refseq/plant/Eutrema_salsugineum/latest_assembly_versions/GCF_000478725.1_Eutsalg1_0/GCF_000478725.1_Eutsalg1_0_genomic.fna.gz,https://ftp.ncbi.nlm.nih.gov/genomes/refseq/plant/Eutrema_salsugineum/latest_assembly_versions/GCF_000478725.1_Eutsalg1_0/GCF_000478725.1_Eutsalg1_0_genomic.gff.gz
Fragaria_vesca,https://ftp.ncbi.nlm.nih.gov/genomes/refseq/plant/Fragaria_vesca/latest_assembly_versions/GCF_000184155.1_FraVesHawaii_1.0/GCF_000184155.1_FraVesHawaii_1.0_genomic.fna.gz,https://ftp.ncbi.nlm.nih.gov/genomes/refseq/plant/Fragaria_vesca/latest_assembly_versions/GCF_000184155.1_FraVesHawaii_1.0/GCF_000184155.1_FraVesHawaii_1.0_genomic.gff.gz
Galdieria_sulphuraria,https://ftp.ncbi.nlm.nih.gov/genomes/refseq/plant/Galdieria_sulphuraria/latest_assembly_versions/GCF_000341285.1_ASM34128v1/GCF_000341285.1_ASM34128v1_genomic.fna.gz,https://ftp.ncbi.nlm.nih.gov/genomes/refseq/plant/Galdieria_sulphuraria/latest_assembly_versions/GCF_000341285.1_ASM34128v1/GCF_000341285.1_ASM34128v1_genomic.gff.gz
Glycine_max,https://ftp.ncbi.nlm.nih.gov/genomes/refseq/plant/Glycine_max/latest_assembly_versions/GCF_000004515.6_Glycine_max_v4.0/GCF_000004515.6_Glycine_max_v4.0_genomic.fna.gz,https://ftp.ncbi.nlm.nih.gov/genomes/refseq/plant/Glycine_max/latest_assembly_versions/GCF_000004515.6_Glycine_max_v4.0/GCF_000004515.6_Glycine_max_v4.0_genomic.gff.gz
Glycine_soja,https://ftp.ncbi.nlm.nih.gov/genomes/refseq/plant/Glycine_soja/latest_assembly_versions/GCF_004193775.1_ASM419377v2/GCF_004193775.1_ASM419377v2_genomic.fna.gz,https://ftp.ncbi.nlm.nih.gov/genomes/refseq/plant/Glycine_soja/latest_assembly_versions/GCF_004193775.1_ASM419377v2/GCF_004193775.1_ASM419377v2_genomic.gff.gz
Gossypium_arboreum,https://ftp.ncbi.nlm.nih.gov/genomes/refseq/plant/Gossypium_arboreum/latest_assembly_versions/GCF_025698485.1_ASM2569848v2/GCF_025698485.1_ASM2569848v2_genomic.fna.gz,https://ftp.ncbi.nlm.nih.gov/genomes/refseq/plant/Gossypium_arboreum/latest_assembly_versions/GCF_025698485.1_ASM2569848v2/GCF_025698485.1_ASM2569848v2_genomic.gff.gz
Gossypium_hirsutum,https://ftp.ncbi.nlm.nih.gov/genomes/refseq/plant/Gossypium_hirsutum/latest_assembly_versions/GCF_007990345.1_Gossypium_hirsutum_v2.1/GCF_007990345.1_Gossypium_hirsutum_v2.1_genomic.fna.gz,https://ftp.ncbi.nlm.nih.gov/genomes/refseq/plant/Gossypium_hirsutum/latest_assembly_versions/GCF_007990345.1_Gossypium_hirsutum_v2.1/GCF_007990345.1_Gossypium_hirsutum_v2.1_genomic.gff.gz
Gossypium_raimondii,https://ftp.ncbi.nlm.nih.gov/genomes/refseq/plant/Gossypium_raimondii/latest_assembly_versions/GCF_025698545.1_ASM2569854v1/GCF_025698545.1_ASM2569854v1_genomic.fna.gz,https://ftp.ncbi.nlm.nih.gov/genomes/refseq/plant/Gossypium_raimondii/latest_assembly_versions/GCF_025698545.1_ASM2569854v1/GCF_025698545.1_ASM2569854v1_genomic.gff.gz
Helianthus_annuus,https://ftp.ncbi.nlm.nih.gov/genomes/refseq/plant/Helianthus_annuus/latest_assembly_versions/GCF_002127325.2_HanXRQr2.0-SUNRISE/GCF_002127325.2_HanXRQr2.0-SUNRISE_genomic.fna.gz,https://ftp.ncbi.nlm.nih.gov/genomes/refseq/plant/Helianthus_annuus/latest_assembly_versions/GCF_002127325.2_HanXRQr2.0-SUNRISE/GCF_002127325.2_HanXRQr2.0-SUNRISE_genomic.gff.gz
Herrania_umbratica,https://ftp.ncbi.nlm.nih.gov/genomes/refseq/plant/Herrania_umbratica/latest_assembly_versions/GCF_002168275.1_ASM216827v2/GCF_002168275.1_ASM216827v2_genomic.fna.gz,https://ftp.ncbi.nlm.nih.gov/genomes/refseq/plant/Herrania_umbratica/latest_assembly_versions/GCF_002168275.1_ASM216827v2/GCF_002168275.1_ASM216827v2_genomic.gff.gz
Hevea_brasiliensis,https://ftp.ncbi.nlm.nih.gov/genomes/refseq/plant/Hevea_brasiliensis/latest_assembly_versions/GCF_030052815.1_ASM3005281v1/GCF_030052815.1_ASM3005281v1_genomic.fna.gz,https://ftp.ncbi.nlm.nih.gov/genomes/refseq/plant/Hevea_brasiliensis/latest_assembly_versions/GCF_030052815.1_ASM3005281v1/GCF_030052815.1_ASM3005281v1_genomic.gff.gz
Hibiscus_syriacus,https://ftp.ncbi.nlm.nih.gov/genomes/refseq/plant/Hibiscus_syriacus/latest_assembly_versions/GCF_006381635.1_ASM638163v2/GCF_006381635.1_ASM638163v2_genomic.fna.gz,https://ftp.ncbi.nlm.nih.gov/genomes/refseq/plant/Hibiscus_syriacus/latest_assembly_versions/GCF_006381635.1_ASM638163v2/GCF_006381635.1_ASM638163v2_genomic.gff.gz
Hordeum_vulgare,https://ftp.ncbi.nlm.nih.gov/genomes/refseq/plant/Hordeum_vulgare/latest_assembly_versions/GCF_904849725.1_MorexV3_pseudomolecules_assembly/GCF_904849725.1_MorexV3_pseudomolecules_assembly_genomic.fna.gz,https://ftp.ncbi.nlm.nih.gov/genomes/refseq/plant/Hordeum_vulgare/latest_assembly_versions/GCF_904849725.1_MorexV3_pseudomolecules_assembly/GCF_904849725.1_MorexV3_pseudomolecules_assembly_genomic.gff.gz
Impatiens_glandulifera,https://ftp.ncbi.nlm.nih.gov/genomes/refseq/plant/Impatiens_glandulifera/latest_assembly_versions/GCF_907164915.1_dImpGla2.1/GCF_907164915.1_dImpGla2.1_genomic.fna.gz,https://ftp.ncbi.nlm.nih.gov/genomes/refseq/plant/Impatiens_glandulifera/latest_assembly_versions/GCF_907164915.1_dImpGla2.1/GCF_907164915.1_dImpGla2.1_genomic.gff.gz
Ipomoea_nil,https://ftp.ncbi.nlm.nih.gov/genomes/refseq/plant/Ipomoea_nil/latest_assembly_versions/GCF_001879475.1_Asagao_1.1/GCF_001879475.1_Asagao_1.1_genomic.fna.gz,https://ftp.ncbi.nlm.nih.gov/genomes/refseq/plant/Ipomoea_nil/latest_assembly_versions/GCF_001879475.1_Asagao_1.1/GCF_001879475.1_Asagao_1.1_genomic.gff.gz
Ipomoea_triloba,https://ftp.ncbi.nlm.nih.gov/genomes/refseq/plant/Ipomoea_triloba/latest_assembly_versions/GCF_003576645.1_ASM357664v1/GCF_003576645.1_ASM357664v1_genomic.fna.gz,https://ftp.ncbi.nlm.nih.gov/genomes/refseq/plant/Ipomoea_triloba/latest_assembly_versions/GCF_003576645.1_ASM357664v1/GCF_003576645.1_ASM357664v1_genomic.gff.gz
Jatropha_curcas,https://ftp.ncbi.nlm.nih.gov/genomes/refseq/plant/Jatropha_curcas/latest_assembly_versions/GCF_014843425.1_RJC1_Hi-C/GCF_014843425.1_RJC1_Hi-C_genomic.fna.gz,https://ftp.ncbi.nlm.nih.gov/genomes/refseq/plant/Jatropha_curcas/latest_assembly_versions/GCF_014843425.1_RJC1_Hi-C/GCF_014843425.1_RJC1_Hi-C_genomic.gff.gz
Juglans_microcarpa_x_Juglans_regia,https://ftp.ncbi.nlm.nih.gov/genomes/refseq/plant/Juglans_microcarpa_x_Juglans_regia/latest_assembly_versions/GCF_004785595.1_Jm3101_v1.0/GCF_004785595.1_Jm3101_v1.0_genomic.fna.gz,https://ftp.ncbi.nlm.nih.gov/genomes/refseq/plant/Juglans_microcarpa_x_Juglans_regia/latest_assembly_versions/GCF_004785595.1_Jm3101_v1.0/GCF_004785595.1_Jm3101_v1.0_genomic.gff.gz
Juglans_regia,https://ftp.ncbi.nlm.nih.gov/genomes/refseq/plant/Juglans_regia/latest_assembly_versions/GCF_001411555.2_Walnut_2.0/GCF_001411555.2_Walnut_2.0_genomic.fna.gz,https://ftp.ncbi.nlm.nih.gov/genomes/refseq/plant/Juglans_regia/latest_assembly_versions/GCF_001411555.2_Walnut_2.0/GCF_001411555.2_Walnut_2.0_genomic.gff.gz
Lactuca_sativa,https://ftp.ncbi.nlm.nih.gov/genomes/refseq/plant/Lactuca_sativa/latest_assembly_versions/GCF_002870075.4_Lsat_Salinas_v11/GCF_002870075.4_Lsat_Salinas_v11_genomic.fna.gz,https://ftp.ncbi.nlm.nih.gov/genomes/refseq/plant/Lactuca_sativa/latest_assembly_versions/GCF_002870075.4_Lsat_Salinas_v11/GCF_002870075.4_Lsat_Salinas_v11_genomic.gff.gz
Lolium_perenne,https://ftp.ncbi.nlm.nih.gov/genomes/refseq/plant/Lolium_perenne/latest_assembly_versions/GCF_019359855.1_MPB_Lper_Kyuss_1697/GCF_019359855.1_MPB_Lper_Kyuss_1697_genomic.fna.gz,https://ftp.ncbi.nlm.nih.gov/genomes/refseq/plant/Lolium_perenne/latest_assembly_versions/GCF_019359855.1_MPB_Lper_Kyuss_1697/GCF_019359855.1_MPB_Lper_Kyuss_1697_genomic.gff.gz
Lolium_rigidum,https://ftp.ncbi.nlm.nih.gov/genomes/refseq/plant/Lolium_rigidum/latest_assembly_versions/GCF_022539505.1_APGP_CSIRO_Lrig_0.1/GCF_022539505.1_APGP_CSIRO_Lrig_0.1_genomic.fna.gz,https://ftp.ncbi.nlm.nih.gov/genomes/refseq/plant/Lolium_rigidum/latest_assembly_versions/GCF_022539505.1_APGP_CSIRO_Lrig_0.1/GCF_022539505.1_APGP_CSIRO_Lrig_0.1_genomic.gff.gz
Lotus_japonicus,https://ftp.ncbi.nlm.nih.gov/genomes/refseq/plant/Lotus_japonicus/latest_assembly_versions/GCF_012489685.1_LjGifu_v1.2/GCF_012489685.1_LjGifu_v1.2_genomic.fna.gz,https://ftp.ncbi.nlm.nih.gov/genomes/refseq/plant/Lotus_japonicus/latest_assembly_versions/GCF_012489685.1_LjGifu_v1.2/GCF_012489685.1_LjGifu_v1.2_genomic.gff.gz
Lupinus_angustifolius,https://ftp.ncbi.nlm.nih.gov/genomes/refseq/plant/Lupinus_angustifolius/latest_assembly_versions/GCF_001865875.1_LupAngTanjil_v1.0/GCF_001865875.1_LupAngTanjil_v1.0_genomic.fna.gz,https://ftp.ncbi.nlm.nih.gov/genomes/refseq/plant/Lupinus_angustifolius/latest_assembly_versions/GCF_001865875.1_LupAngTanjil_v1.0/GCF_001865875.1_LupAngTanjil_v1.0_genomic.gff.gz
Lycium_ferocissimum,https://ftp.ncbi.nlm.nih.gov/genomes/refseq/plant/Lycium_ferocissimum/latest_assembly_versions/GCF_029784015.1_AGI_CSIRO_Lferr_CH_V1/GCF_029784015.1_AGI_CSIRO_Lferr_CH_V1_genomic.fna.gz,https://ftp.ncbi.nlm.nih.gov/genomes/refseq/plant/Lycium_ferocissimum/latest_assembly_versions/GCF_029784015.1_AGI_CSIRO_Lferr_CH_V1/GCF_029784015.1_AGI_CSIRO_Lferr_CH_V1_genomic.gff.gz
Macadamia_integrifolia,https://ftp.ncbi.nlm.nih.gov/genomes/refseq/plant/Macadamia_integrifolia/latest_assembly_versions/GCF_013358625.1_SCU_Mint_v3/GCF_013358625.1_SCU_Mint_v3_genomic.fna.gz,https://ftp.ncbi.nlm.nih.gov/genomes/refseq/plant/Macadamia_integrifolia/latest_assembly_versions/GCF_013358625.1_SCU_Mint_v3/GCF_013358625.1_SCU_Mint_v3_genomic.gff.gz
Magnolia_sinica,https://ftp.ncbi.nlm.nih.gov/genomes/refseq/plant/Magnolia_sinica/latest_assembly_versions/GCF_029962835.1_MsV1/GCF_029962835.1_MsV1_genomic.fna.gz,https://ftp.ncbi.nlm.nih.gov/genomes/refseq/plant/Magnolia_sinica/latest_assembly_versions/GCF_029962835.1_MsV1/GCF_029962835.1_MsV1_genomic.gff.gz
Malania_oleifera,https://ftp.ncbi.nlm.nih.gov/genomes/refseq/plant/Malania_oleifera/latest_assembly_versions/GCF_029873635.1_ASM2987363v1/GCF_029873635.1_ASM2987363v1_genomic.fna.gz,https://ftp.ncbi.nlm.nih.gov/genomes/refseq/plant/Malania_oleifera/latest_assembly_versions/GCF_029873635.1_ASM2987363v1/GCF_029873635.1_ASM2987363v1_genomic.gff.gz
Malus_domestica,https://ftp.ncbi.nlm.nih.gov/genomes/refseq/plant/Malus_domestica/latest_assembly_versions/GCF_002114115.1_ASM211411v1/GCF_002114115.1_ASM211411v1_genomic.fna.gz,https://ftp.ncbi.nlm.nih.gov/genomes/refseq/plant/Malus_domestica/latest_assembly_versions/GCF_002114115.1_ASM211411v1/GCF_002114115.1_ASM211411v1_genomic.gff.gz
Malus_sylvestris,https://ftp.ncbi.nlm.nih.gov/genomes/refseq/plant/Malus_sylvestris/latest_assembly_versions/GCF_916048215.2_drMalSylv7.2/GCF_916048215.2_drMalSylv7.2_genomic.fna.gz,https://ftp.ncbi.nlm.nih.gov/genomes/refseq/plant/Malus_sylvestris/latest_assembly_versions/GCF_916048215.2_drMalSylv7.2/GCF_916048215.2_drMalSylv7.2_genomic.gff.gz
Mangifera_indica,https://ftp.ncbi.nlm.nih.gov/genomes/refseq/plant/Mangifera_indica/latest_assembly_versions/GCF_011075055.1_CATAS_Mindica_2.1/GCF_011075055.1_CATAS_Mindica_2.1_genomic.fna.gz,https://ftp.ncbi.nlm.nih.gov/genomes/refseq/plant/Mangifera_indica/latest_assembly_versions/GCF_011075055.1_CATAS_Mindica_2.1/GCF_011075055.1_CATAS_Mindica_2.1_genomic.gff.gz
Manihot_esculenta,https://ftp.ncbi.nlm.nih.gov/genomes/refseq/plant/Manihot_esculenta/latest_assembly_versions/GCF_001659605.2_M.esculenta_v8/GCF_001659605.2_M.esculenta_v8_genomic.fna.gz,https://ftp.ncbi.nlm.nih.gov/genomes/refseq/plant/Manihot_esculenta/latest_assembly_versions/GCF_001659605.2_M.esculenta_v8/GCF_001659605.2_M.esculenta_v8_genomic.gff.gz
Medicago_truncatula,https://ftp.ncbi.nlm.nih.gov/genomes/refseq/plant/Medicago_truncatula/latest_assembly_versions/GCF_003473485.1_MtrunA17r5.0-ANR/GCF_003473485.1_MtrunA17r5.0-ANR_genomic.fna.gz,https://ftp.ncbi.nlm.nih.gov/genomes/refseq/plant/Medicago_truncatula/latest_assembly_versions/GCF_003473485.1_MtrunA17r5.0-ANR/GCF_003473485.1_MtrunA17r5.0-ANR_genomic.gff.gz
Mercurialis_annua,https://ftp.ncbi.nlm.nih.gov/genomes/refseq/plant/Mercurialis_annua/latest_assembly_versions/GCF_937616625.2_ddMerAnnu1.2/GCF_937616625.2_ddMerAnnu1.2_genomic.fna.gz,https://ftp.ncbi.nlm.nih.gov/genomes/refseq/plant/Mercurialis_annua/latest_assembly_versions/GCF_937616625.2_ddMerAnnu1.2/GCF_937616625.2_ddMerAnnu1.2_genomic.gff.gz
Micromonas_commoda,https://ftp.ncbi.nlm.nih.gov/genomes/refseq/plant/Micromonas_commoda/latest_assembly_versions/GCF_000090985.2_ASM9098v2/GCF_000090985.2_ASM9098v2_genomic.fna.gz,https://ftp.ncbi.nlm.nih.gov/genomes/refseq/plant/Micromonas_commoda/latest_assembly_versions/GCF_000090985.2_ASM9098v2/GCF_000090985.2_ASM9098v2_genomic.gff.gz
Micromonas_pusilla,https://ftp.ncbi.nlm.nih.gov/genomes/refseq/plant/Micromonas_pusilla/latest_assembly_versions/GCF_000151265.2_Micromonas_pusilla_CCMP1545_v2.0/GCF_000151265.2_Micromonas_pusilla_CCMP1545_v2.0_genomic.fna.gz,https://ftp.ncbi.nlm.nih.gov/genomes/refseq/plant/Micromonas_pusilla/latest_assembly_versions/GCF_000151265.2_Micromonas_pusilla_CCMP1545_v2.0/GCF_000151265.2_Micromonas_pusilla_CCMP1545_v2.0_genomic.gff.gz
Momordica_charantia,https://ftp.ncbi.nlm.nih.gov/genomes/refseq/plant/Momordica_charantia/latest_assembly_versions/GCF_001995035.1_ASM199503v1/GCF_001995035.1_ASM199503v1_genomic.fna.gz,https://ftp.ncbi.nlm.nih.gov/genomes/refseq/plant/Momordica_charantia/latest_assembly_versions/GCF_001995035.1_ASM199503v1/GCF_001995035.1_ASM199503v1_genomic.gff.gz
Monoraphidium_neglectum,https://ftp.ncbi.nlm.nih.gov/genomes/refseq/plant/Monoraphidium_neglectum/latest_assembly_versions/GCF_000611645.1_mono_v1/GCF_000611645.1_mono_v1_genomic.fna.gz,https://ftp.ncbi.nlm.nih.gov/genomes/refseq/plant/Monoraphidium_neglectum/latest_assembly_versions/GCF_000611645.1_mono_v1/GCF_000611645.1_mono_v1_genomic.gff.gz
Morus_notabilis,https://ftp.ncbi.nlm.nih.gov/genomes/refseq/plant/Morus_notabilis/latest_assembly_versions/GCF_000414095.1_ASM41409v2/GCF_000414095.1_ASM41409v2_genomic.fna.gz,https://ftp.ncbi.nlm.nih.gov/genomes/refseq/plant/Morus_notabilis/latest_assembly_versions/GCF_000414095.1_ASM41409v2/GCF_000414095.1_ASM41409v2_genomic.gff.gz
Musa_acuminata,https://ftp.ncbi.nlm.nih.gov/genomes/refseq/plant/Musa_acuminata/latest_assembly_versions/GCF_000313855.2_ASM31385v2/GCF_000313855.2_ASM31385v2_genomic.fna.gz,https://ftp.ncbi.nlm.nih.gov/genomes/refseq/plant/Musa_acuminata/latest_assembly_versions/GCF_000313855.2_ASM31385v2/GCF_000313855.2_ASM31385v2_genomic.gff.gz
Nelumbo_nucifera,https://ftp.ncbi.nlm.nih.gov/genomes/refseq/plant/Nelumbo_nucifera/latest_assembly_versions/GCF_000365185.1_Chinese_Lotus_1.1/GCF_000365185.1_Chinese_Lotus_1.1_genomic.fna.gz,https://ftp.ncbi.nlm.nih.gov/genomes/refseq/plant/Nelumbo_nucifera/latest_assembly_versions/GCF_000365185.1_Chinese_Lotus_1.1/GCF_000365185.1_Chinese_Lotus_1.1_genomic.gff.gz
Nicotiana_attenuata,https://ftp.ncbi.nlm.nih.gov/genomes/refseq/plant/Nicotiana_attenuata/latest_assembly_versions/GCF_001879085.1_NIATTr2/GCF_001879085.1_NIATTr2_genomic.fna.gz,https://ftp.ncbi.nlm.nih.gov/genomes/refseq/plant/Nicotiana_attenuata/latest_assembly_versions/GCF_001879085.1_NIATTr2/GCF_001879085.1_NIATTr2_genomic.gff.gz
Nicotiana_sylvestris,https://ftp.ncbi.nlm.nih.gov/genomes/refseq/plant/Nicotiana_sylvestris/latest_assembly_versions/GCF_000393655.1_Nsyl/GCF_000393655.1_Nsyl_genomic.fna.gz,https://ftp.ncbi.nlm.nih.gov/genomes/refseq/plant/Nicotiana_sylvestris/latest_assembly_versions/GCF_000393655.1_Nsyl/GCF_000393655.1_Nsyl_genomic.gff.gz
Nicotiana_tabacum,https://ftp.ncbi.nlm.nih.gov/genomes/refseq/plant/Nicotiana_tabacum/latest_assembly_versions/GCF_000715135.1_Ntab-TN90/GCF_000715135.1_Ntab-TN90_genomic.fna.gz,https://ftp.ncbi.nlm.nih.gov/genomes/refseq/plant/Nicotiana_tabacum/latest_assembly_versions/GCF_000715135.1_Ntab-TN90/GCF_000715135.1_Ntab-TN90_genomic.gff.gz
Nicotiana_tomentosiformis,https://ftp.ncbi.nlm.nih.gov/genomes/refseq/plant/Nicotiana_tomentosiformis/latest_assembly_versions/GCF_000390325.2_Ntom_v01/GCF_000390325.2_Ntom_v01_genomic.fna.gz,https://ftp.ncbi.nlm.nih.gov/genomes/refseq/plant/Nicotiana_tomentosiformis/latest_assembly_versions/GCF_000390325.2_Ntom_v01/GCF_000390325.2_Ntom_v01_genomic.gff.gz
Nymphaea_colorata,https://ftp.ncbi.nlm.nih.gov/genomes/refseq/plant/Nymphaea_colorata/latest_assembly_versions/GCF_008831285.2_ASM883128v2/GCF_008831285.2_ASM883128v2_genomic.fna.gz,https://ftp.ncbi.nlm.nih.gov/genomes/refseq/plant/Nymphaea_colorata/latest_assembly_versions/GCF_008831285.2_ASM883128v2/GCF_008831285.2_ASM883128v2_genomic.gff.gz
Olea_europaea,https://ftp.ncbi.nlm.nih.gov/genomes/refseq/plant/Olea_europaea/latest_assembly_versions/GCF_002742605.1_O_europaea_v1/GCF_002742605.1_O_europaea_v1_genomic.fna.gz,https://ftp.ncbi.nlm.nih.gov/genomes/refseq/plant/Olea_europaea/latest_assembly_versions/GCF_002742605.1_O_europaea_v1/GCF_002742605.1_O_europaea_v1_genomic.gff.gz
Oryza_brachyantha,https://ftp.ncbi.nlm.nih.gov/genomes/refseq/plant/Oryza_brachyantha/latest_assembly_versions/GCF_000231095.2_ObraRS2/GCF_000231095.2_ObraRS2_genomic.fna.gz,https://ftp.ncbi.nlm.nih.gov/genomes/refseq/plant/Oryza_brachyantha/latest_assembly_versions/GCF_000231095.2_ObraRS2/GCF_000231095.2_ObraRS2_genomic.gff.gz
Oryza_glaberrima,https://ftp.ncbi.nlm.nih.gov/genomes/refseq/plant/Oryza_glaberrima/latest_assembly_versions/GCF_000147395.1_OglaRS2/GCF_000147395.1_OglaRS2_genomic.fna.gz,https://ftp.ncbi.nlm.nih.gov/genomes/refseq/plant/Oryza_glaberrima/latest_assembly_versions/GCF_000147395.1_OglaRS2/GCF_000147395.1_OglaRS2_genomic.gff.gz
Oryza_sativa,https://ftp.ncbi.nlm.nih.gov/genomes/refseq/plant/Oryza_sativa/latest_assembly_versions/GCF_001433935.1_IRGSP-1.0/GCF_001433935.1_IRGSP-1.0_genomic.fna.gz,https://ftp.ncbi.nlm.nih.gov/genomes/refseq/plant/Oryza_sativa/latest_assembly_versions/GCF_001433935.1_IRGSP-1.0/GCF_001433935.1_IRGSP-1.0_genomic.gff.gz
Ostreococcus_sp._lucimarinus_,https://ftp.ncbi.nlm.nih.gov/genomes/refseq/plant/Ostreococcus_sp._lucimarinus_/latest_assembly_versions/GCF_000092065.1_ASM9206v1/GCF_000092065.1_ASM9206v1_genomic.fna.gz,https://ftp.ncbi.nlm.nih.gov/genomes/refseq/plant/Ostreococcus_sp._lucimarinus_/latest_assembly_versions/GCF_000092065.1_ASM9206v1/GCF_000092065.1_ASM9206v1_genomic.gff.gz
Ostreococcus_tauri,https://ftp.ncbi.nlm.nih.gov/genomes/refseq/plant/Ostreococcus_tauri/latest_assembly_versions/GCF_000214015.3_version_140606/GCF_000214015.3_version_140606_genomic.fna.gz,https://ftp.ncbi.nlm.nih.gov/genomes/refseq/plant/Ostreococcus_tauri/latest_assembly_versions/GCF_000214015.3_version_140606/GCF_000214015.3_version_140606_genomic.gff.gz
Panicum_hallii,https://ftp.ncbi.nlm.nih.gov/genomes/refseq/plant/Panicum_hallii/latest_assembly_versions/GCF_002211085.1_PHallii_v3.1/GCF_002211085.1_PHallii_v3.1_genomic.fna.gz,https://ftp.ncbi.nlm.nih.gov/genomes/refseq/plant/Panicum_hallii/latest_assembly_versions/GCF_002211085.1_PHallii_v3.1/GCF_002211085.1_PHallii_v3.1_genomic.gff.gz
Panicum_virgatum,https://ftp.ncbi.nlm.nih.gov/genomes/refseq/plant/Panicum_virgatum/latest_assembly_versions/GCF_016808335.1_P.virgatum_v5/GCF_016808335.1_P.virgatum_v5_genomic.fna.gz,https://ftp.ncbi.nlm.nih.gov/genomes/refseq/plant/Panicum_virgatum/latest_assembly_versions/GCF_016808335.1_P.virgatum_v5/GCF_016808335.1_P.virgatum_v5_genomic.gff.gz
Papaver_somniferum,https://ftp.ncbi.nlm.nih.gov/genomes/refseq/plant/Papaver_somniferum/latest_assembly_versions/GCF_003573695.1_ASM357369v1/GCF_003573695.1_ASM357369v1_genomic.fna.gz,https://ftp.ncbi.nlm.nih.gov/genomes/refseq/plant/Papaver_somniferum/latest_assembly_versions/GCF_003573695.1_ASM357369v1/GCF_003573695.1_ASM357369v1_genomic.gff.gz
Phalaenopsis_equestris,https://ftp.ncbi.nlm.nih.gov/genomes/refseq/plant/Phalaenopsis_equestris/latest_assembly_versions/GCF_001263595.1_ASM126359v1/GCF_001263595.1_ASM126359v1_genomic.fna.gz,https://ftp.ncbi.nlm.nih.gov/genomes/refseq/plant/Phalaenopsis_equestris/latest_assembly_versions/GCF_001263595.1_ASM126359v1/GCF_001263595.1_ASM126359v1_genomic.gff.gz
Phaseolus_vulgaris,https://ftp.ncbi.nlm.nih.gov/genomes/refseq/plant/Phaseolus_vulgaris/latest_assembly_versions/GCF_000499845.1_PhaVulg1_0/GCF_000499845.1_PhaVulg1_0_genomic.fna.gz,https://ftp.ncbi.nlm.nih.gov/genomes/refseq/plant/Phaseolus_vulgaris/latest_assembly_versions/GCF_000499845.1_PhaVulg1_0/GCF_000499845.1_PhaVulg1_0_genomic.gff.gz
Phoenix_dactylifera,https://ftp.ncbi.nlm.nih.gov/genomes/refseq/plant/Phoenix_dactylifera/latest_assembly_versions/GCF_009389715.1_palm_55x_up_171113_PBpolish2nd_filt_p/GCF_009389715.1_palm_55x_up_171113_PBpolish2nd_filt_p_genomic.fna.gz,https://ftp.ncbi.nlm.nih.gov/genomes/refseq/plant/Phoenix_dactylifera/latest_assembly_versions/GCF_009389715.1_palm_55x_up_171113_PBpolish2nd_filt_p/GCF_009389715.1_palm_55x_up_171113_PBpolish2nd_filt_p_genomic.gff.gz
Physcomitrium_patens,https://ftp.ncbi.nlm.nih.gov/genomes/refseq/plant/Physcomitrium_patens/latest_assembly_versions/GCF_000002425.4_Phypa_V3/GCF_000002425.4_Phypa_V3_genomic.fna.gz,https://ftp.ncbi.nlm.nih.gov/genomes/refseq/plant/Physcomitrium_patens/latest_assembly_versions/GCF_000002425.4_Phypa_V3/GCF_000002425.4_Phypa_V3_genomic.gff.gz
Pistacia_vera,https://ftp.ncbi.nlm.nih.gov/genomes/refseq/plant/Pistacia_vera/latest_assembly_versions/GCF_008641045.1_PisVer_v2/GCF_008641045.1_PisVer_v2_genomic.fna.gz,https://ftp.ncbi.nlm.nih.gov/genomes/refseq/plant/Pistacia_vera/latest_assembly_versions/GCF_008641045.1_PisVer_v2/GCF_008641045.1_PisVer_v2_genomic.gff.gz
Pisum_sativum,https://ftp.ncbi.nlm.nih.gov/genomes/refseq/plant/Pisum_sativum/latest_assembly_versions/GCF_024323335.1_CAAS_Psat_ZW6_1.0/GCF_024323335.1_CAAS_Psat_ZW6_1.0_genomic.fna.gz,https://ftp.ncbi.nlm.nih.gov/genomes/refseq/plant/Pisum_sativum/latest_assembly_versions/GCF_024323335.1_CAAS_Psat_ZW6_1.0/GCF_024323335.1_CAAS_Psat_ZW6_1.0_genomic.gff.gz
Populus_alba,https://ftp.ncbi.nlm.nih.gov/genomes/refseq/plant/Populus_alba/latest_assembly_versions/GCF_005239225.1_ASM523922v1/GCF_005239225.1_ASM523922v1_genomic.fna.gz,https://ftp.ncbi.nlm.nih.gov/genomes/refseq/plant/Populus_alba/latest_assembly_versions/GCF_005239225.1_ASM523922v1/GCF_005239225.1_ASM523922v1_genomic.gff.gz
Populus_euphratica,https://ftp.ncbi.nlm.nih.gov/genomes/refseq/plant/Populus_euphratica/latest_assembly_versions/GCF_000495115.2_PopEup_1.0/GCF_000495115.2_PopEup_1.0_genomic.fna.gz,https://ftp.ncbi.nlm.nih.gov/genomes/refseq/plant/Populus_euphratica/latest_assembly_versions/GCF_000495115.2_PopEup_1.0/GCF_000495115.2_PopEup_1.0_genomic.gff.gz
Populus_trichocarpa,https://ftp.ncbi.nlm.nih.gov/genomes/refseq/plant/Populus_trichocarpa/latest_assembly_versions/GCF_000002775.5_P.trichocarpa_v4.1/GCF_000002775.5_P.trichocarpa_v4.1_genomic.fna.gz,https://ftp.ncbi.nlm.nih.gov/genomes/refseq/plant/Populus_trichocarpa/latest_assembly_versions/GCF_000002775.5_P.trichocarpa_v4.1/GCF_000002775.5_P.trichocarpa_v4.1_genomic.gff.gz
Potentilla_anserina,https://ftp.ncbi.nlm.nih.gov/genomes/refseq/plant/Potentilla_anserina/latest_assembly_versions/GCF_933775445.1_drPotAnse1.1/GCF_933775445.1_drPotAnse1.1_genomic.fna.gz,https://ftp.ncbi.nlm.nih.gov/genomes/refseq/plant/Potentilla_anserina/latest_assembly_versions/GCF_933775445.1_drPotAnse1.1/GCF_933775445.1_drPotAnse1.1_genomic.gff.gz
Prosopis_alba,https://ftp.ncbi.nlm.nih.gov/genomes/refseq/plant/Prosopis_alba/latest_assembly_versions/GCF_004799145.1_ASM479914v1/GCF_004799145.1_ASM479914v1_genomic.fna.gz,https://ftp.ncbi.nlm.nih.gov/genomes/refseq/plant/Prosopis_alba/latest_assembly_versions/GCF_004799145.1_ASM479914v1/GCF_004799145.1_ASM479914v1_genomic.gff.gz
Prosopis_cineraria,https://ftp.ncbi.nlm.nih.gov/genomes/refseq/plant/Prosopis_cineraria/latest_assembly_versions/GCF_029017545.1_ASM2901754v1/GCF_029017545.1_ASM2901754v1_genomic.fna.gz,https://ftp.ncbi.nlm.nih.gov/genomes/refseq/plant/Prosopis_cineraria/latest_assembly_versions/GCF_029017545.1_ASM2901754v1/GCF_029017545.1_ASM2901754v1_genomic.gff.gz
Prunus_avium,https://ftp.ncbi.nlm.nih.gov/genomes/refseq/plant/Prunus_avium/latest_assembly_versions/GCF_002207925.1_PAV_r1.0/GCF_002207925.1_PAV_r1.0_genomic.fna.gz,https://ftp.ncbi.nlm.nih.gov/genomes/refseq/plant/Prunus_avium/latest_assembly_versions/GCF_002207925.1_PAV_r1.0/GCF_002207925.1_PAV_r1.0_genomic.gff.gz
Prunus_dulcis,https://ftp.ncbi.nlm.nih.gov/genomes/refseq/plant/Prunus_dulcis/latest_assembly_versions/GCF_902201215.1_ALMONDv2/GCF_902201215.1_ALMONDv2_genomic.fna.gz,https://ftp.ncbi.nlm.nih.gov/genomes/refseq/plant/Prunus_dulcis/latest_assembly_versions/GCF_902201215.1_ALMONDv2/GCF_902201215.1_ALMONDv2_genomic.gff.gz
Prunus_mume,https://ftp.ncbi.nlm.nih.gov/genomes/refseq/plant/Prunus_mume/latest_assembly_versions/GCF_000346735.1_P.mume_V1.0/GCF_000346735.1_P.mume_V1.0_genomic.fna.gz,https://ftp.ncbi.nlm.nih.gov/genomes/refseq/plant/Prunus_mume/latest_assembly_versions/GCF_000346735.1_P.mume_V1.0/GCF_000346735.1_P.mume_V1.0_genomic.gff.gz
Prunus_persica,https://ftp.ncbi.nlm.nih.gov/genomes/refseq/plant/Prunus_persica/latest_assembly_versions/GCF_000346465.2_Prunus_persica_NCBIv2/GCF_000346465.2_Prunus_persica_NCBIv2_genomic.fna.gz,https://ftp.ncbi.nlm.nih.gov/genomes/refseq/plant/Prunus_persica/latest_assembly_versions/GCF_000346465.2_Prunus_persica_NCBIv2/GCF_000346465.2_Prunus_persica_NCBIv2_genomic.gff.gz
Punica_granatum,https://ftp.ncbi.nlm.nih.gov/genomes/refseq/plant/Punica_granatum/latest_assembly_versions/GCF_007655135.1_ASM765513v2/GCF_007655135.1_ASM765513v2_genomic.fna.gz,https://ftp.ncbi.nlm.nih.gov/genomes/refseq/plant/Punica_granatum/latest_assembly_versions/GCF_007655135.1_ASM765513v2/GCF_007655135.1_ASM765513v2_genomic.gff.gz
Pyrus_x_bretschneideri,https://ftp.ncbi.nlm.nih.gov/genomes/refseq/plant/Pyrus_x_bretschneideri/latest_assembly_versions/GCF_019419815.1_Pyrus_bretschneideri_v1/GCF_019419815.1_Pyrus_bretschneideri_v1_genomic.fna.gz,https://ftp.ncbi.nlm.nih.gov/genomes/refseq/plant/Pyrus_x_bretschneideri/latest_assembly_versions/GCF_019419815.1_Pyrus_bretschneideri_v1/GCF_019419815.1_Pyrus_bretschneideri_v1_genomic.gff.gz
Quercus_lobata,https://ftp.ncbi.nlm.nih.gov/genomes/refseq/plant/Quercus_lobata/latest_assembly_versions/GCF_001633185.2_ValleyOak3.2/GCF_001633185.2_ValleyOak3.2_genomic.fna.gz,https://ftp.ncbi.nlm.nih.gov/genomes/refseq/plant/Quercus_lobata/latest_assembly_versions/GCF_001633185.2_ValleyOak3.2/GCF_001633185.2_ValleyOak3.2_genomic.gff.gz
Quercus_robur,https://ftp.ncbi.nlm.nih.gov/genomes/refseq/plant/Quercus_robur/latest_assembly_versions/GCF_932294415.1_dhQueRobu3.1/GCF_932294415.1_dhQueRobu3.1_genomic.fna.gz,https://ftp.ncbi.nlm.nih.gov/genomes/refseq/plant/Quercus_robur/latest_assembly_versions/GCF_932294415.1_dhQueRobu3.1/GCF_932294415.1_dhQueRobu3.1_genomic.gff.gz
Quercus_suber,https://ftp.ncbi.nlm.nih.gov/genomes/refseq/plant/Quercus_suber/latest_assembly_versions/GCF_002906115.2_CorkOak1.0/GCF_002906115.2_CorkOak1.0_genomic.fna.gz,https://ftp.ncbi.nlm.nih.gov/genomes/refseq/plant/Quercus_suber/latest_assembly_versions/GCF_002906115.2_CorkOak1.0/GCF_002906115.2_CorkOak1.0_genomic.gff.gz
Raphanus_sativus,https://ftp.ncbi.nlm.nih.gov/genomes/refseq/plant/Raphanus_sativus/latest_assembly_versions/GCF_000801105.2_ASM80110v3/GCF_000801105.2_ASM80110v3_genomic.fna.gz,https://ftp.ncbi.nlm.nih.gov/genomes/refseq/plant/Raphanus_sativus/latest_assembly_versions/GCF_000801105.2_ASM80110v3/GCF_000801105.2_ASM80110v3_genomic.gff.gz
Rhodamnia_argentea,https://ftp.ncbi.nlm.nih.gov/genomes/refseq/plant/Rhodamnia_argentea/latest_assembly_versions/GCF_020921035.1_ASM2092103v1/GCF_020921035.1_ASM2092103v1_genomic.fna.gz,https://ftp.ncbi.nlm.nih.gov/genomes/refseq/plant/Rhodamnia_argentea/latest_assembly_versions/GCF_020921035.1_ASM2092103v1/GCF_020921035.1_ASM2092103v1_genomic.gff.gz
Rhododendron_vialii,https://ftp.ncbi.nlm.nih.gov/genomes/refseq/plant/Rhododendron_vialii/latest_assembly_versions/GCF_030253575.1_ASM3025357v1/GCF_030253575.1_ASM3025357v1_genomic.fna.gz,https://ftp.ncbi.nlm.nih.gov/genomes/refseq/plant/Rhododendron_vialii/latest_assembly_versions/GCF_030253575.1_ASM3025357v1/GCF_030253575.1_ASM3025357v1_genomic.gff.gz
Ricinus_communis,https://ftp.ncbi.nlm.nih.gov/genomes/refseq/plant/Ricinus_communis/latest_assembly_versions/GCF_019578655.1_ASM1957865v1/GCF_019578655.1_ASM1957865v1_genomic.fna.gz,https://ftp.ncbi.nlm.nih.gov/genomes/refseq/plant/Ricinus_communis/latest_assembly_versions/GCF_019578655.1_ASM1957865v1/GCF_019578655.1_ASM1957865v1_genomic.gff.gz
Rosa_chinensis,https://ftp.ncbi.nlm.nih.gov/genomes/refseq/plant/Rosa_chinensis/latest_assembly_versions/GCF_002994745.2_RchiOBHm-V2/GCF_002994745.2_RchiOBHm-V2_genomic.fna.gz,https://ftp.ncbi.nlm.nih.gov/genomes/refseq/plant/Rosa_chinensis/latest_assembly_versions/GCF_002994745.2_RchiOBHm-V2/GCF_002994745.2_RchiOBHm-V2_genomic.gff.gz
Salvia_hispanica,https://ftp.ncbi.nlm.nih.gov/genomes/refseq/plant/Salvia_hispanica/latest_assembly_versions/GCF_023119035.1_UniMelb_Shisp_WGS_1.0/GCF_023119035.1_UniMelb_Shisp_WGS_1.0_genomic.fna.gz,https://ftp.ncbi.nlm.nih.gov/genomes/refseq/plant/Salvia_hispanica/latest_assembly_versions/GCF_023119035.1_UniMelb_Shisp_WGS_1.0/GCF_023119035.1_UniMelb_Shisp_WGS_1.0_genomic.gff.gz
Salvia_miltiorrhiza,https://ftp.ncbi.nlm.nih.gov/genomes/refseq/plant/Salvia_miltiorrhiza/latest_assembly_versions/GCF_028751815.1_IMPLAD_Smil_shh/GCF_028751815.1_IMPLAD_Smil_shh_genomic.fna.gz,https://ftp.ncbi.nlm.nih.gov/genomes/refseq/plant/Salvia_miltiorrhiza/latest_assembly_versions/GCF_028751815.1_IMPLAD_Smil_shh/GCF_028751815.1_IMPLAD_Smil_shh_genomic.gff.gz
Salvia_splendens,https://ftp.ncbi.nlm.nih.gov/genomes/refseq/plant/Salvia_splendens/latest_assembly_versions/GCF_004379255.2_SspV2/GCF_004379255.2_SspV2_genomic.fna.gz,https://ftp.ncbi.nlm.nih.gov/genomes/refseq/plant/Salvia_splendens/latest_assembly_versions/GCF_004379255.2_SspV2/GCF_004379255.2_SspV2_genomic.gff.gz
Selaginella_moellendorffii,https://ftp.ncbi.nlm.nih.gov/genomes/refseq/plant/Selaginella_moellendorffii/latest_assembly_versions/GCF_000143415.4_v1.0/GCF_000143415.4_v1.0_genomic.fna.gz,https://ftp.ncbi.nlm.nih.gov/genomes/refseq/plant/Selaginella_moellendorffii/latest_assembly_versions/GCF_000143415.4_v1.0/GCF_000143415.4_v1.0_genomic.gff.gz
Sesamum_indicum  ,https://ftp.ncbi.nlm.nih.gov/genomes/refseq/plant/Sesamum_indicum/latest_assembly_versions/GCF_000512975.1_S_indicum_v1.0/GCF_000512975.1_S_indicum_v1.0_genomic.fna.gz,https://ftp.ncbi.nlm.nih.gov/genomes/refseq/plant/Sesamum_indicum/latest_assembly_versions/GCF_000512975.1_S_indicum_v1.0/GCF_000512975.1_S_indicum_v1.0_genomic.gff.gz
Setaria_italica,https://ftp.ncbi.nlm.nih.gov/genomes/refseq/plant/Setaria_italica/latest_assembly_versions/GCF_000263155.2_Setaria_italica_v2.0/GCF_000263155.2_Setaria_italica_v2.0_genomic.fna.gz,https://ftp.ncbi.nlm.nih.gov/genomes/refseq/plant/Setaria_italica/latest_assembly_versions/GCF_000263155.2_Setaria_italica_v2.0/GCF_000263155.2_Setaria_italica_v2.0_genomic.gff.gz
Setaria_viridis,https://ftp.ncbi.nlm.nih.gov/genomes/refseq/plant/Setaria_viridis/latest_assembly_versions/GCF_005286985.1_Setaria_viridis_v2.0/GCF_005286985.1_Setaria_viridis_v2.0_genomic.fna.gz,https://ftp.ncbi.nlm.nih.gov/genomes/refseq/plant/Setaria_viridis/latest_assembly_versions/GCF_005286985.1_Setaria_viridis_v2.0/GCF_005286985.1_Setaria_viridis_v2.0_genomic.gff.gz
Solanum_dulcamara,https://ftp.ncbi.nlm.nih.gov/genomes/refseq/plant/Solanum_dulcamara/latest_assembly_versions/GCF_947179165.1_daSolDulc1.2/GCF_947179165.1_daSolDulc1.2_genomic.fna.gz,https://ftp.ncbi.nlm.nih.gov/genomes/refseq/plant/Solanum_dulcamara/latest_assembly_versions/GCF_947179165.1_daSolDulc1.2/GCF_947179165.1_daSolDulc1.2_genomic.gff.gz
Solanum_lycopersicum,https://ftp.ncbi.nlm.nih.gov/genomes/refseq/plant/Solanum_lycopersicum/latest_assembly_versions/GCF_000188115.5_SL3.1/GCF_000188115.5_SL3.1_genomic.fna.gz,https://ftp.ncbi.nlm.nih.gov/genomes/refseq/plant/Solanum_lycopersicum/latest_assembly_versions/GCF_000188115.5_SL3.1/GCF_000188115.5_SL3.1_genomic.gff.gz
Solanum_pennellii,https://ftp.ncbi.nlm.nih.gov/genomes/refseq/plant/Solanum_pennellii/latest_assembly_versions/GCF_001406875.1_SPENNV200/GCF_001406875.1_SPENNV200_genomic.fna.gz,https://ftp.ncbi.nlm.nih.gov/genomes/refseq/plant/Solanum_pennellii/latest_assembly_versions/GCF_001406875.1_SPENNV200/GCF_001406875.1_SPENNV200_genomic.gff.gz
Solanum_stenotomum,https://ftp.ncbi.nlm.nih.gov/genomes/refseq/plant/Solanum_stenotomum/latest_assembly_versions/GCF_019186545.1_ASM1918654v1/GCF_019186545.1_ASM1918654v1_genomic.fna.gz,https://ftp.ncbi.nlm.nih.gov/genomes/refseq/plant/Solanum_stenotomum/latest_assembly_versions/GCF_019186545.1_ASM1918654v1/GCF_019186545.1_ASM1918654v1_genomic.gff.gz
Solanum_tuberosum ,https://ftp.ncbi.nlm.nih.gov/genomes/refseq/plant/Solanum_tuberosum/latest_assembly_versions/GCF_000226075.1_SolTub_3.0/GCF_000226075.1_SolTub_3.0_genomic.fna.gz,https://ftp.ncbi.nlm.nih.gov/genomes/refseq/plant/Solanum_tuberosum/latest_assembly_versions/GCF_000226075.1_SolTub_3.0/GCF_000226075.1_SolTub_3.0_genomic.gff.gz
Solanum_verrucosum,https://ftp.ncbi.nlm.nih.gov/genomes/refseq/plant/Solanum_verrucosum/latest_assembly_versions/GCF_900185275.1_falcon-dt-bn/GCF_900185275.1_falcon-dt-bn_genomic.fna.gz,https://ftp.ncbi.nlm.nih.gov/genomes/refseq/plant/Solanum_verrucosum/latest_assembly_versions/GCF_900185275.1_falcon-dt-bn/GCF_900185275.1_falcon-dt-bn_genomic.gff.gz
Sorghum_bicolor,https://ftp.ncbi.nlm.nih.gov/genomes/refseq/plant/Sorghum_bicolor/latest_assembly_versions/GCF_000003195.3_Sorghum_bicolor_NCBIv3/GCF_000003195.3_Sorghum_bicolor_NCBIv3_genomic.fna.gz,https://ftp.ncbi.nlm.nih.gov/genomes/refseq/plant/Sorghum_bicolor/latest_assembly_versions/GCF_000003195.3_Sorghum_bicolor_NCBIv3/GCF_000003195.3_Sorghum_bicolor_NCBIv3_genomic.gff.gz
Spinacia_oleracea,https://ftp.ncbi.nlm.nih.gov/genomes/refseq/plant/Spinacia_oleracea/latest_assembly_versions/GCF_020520425.1_BTI_SOV_V1/GCF_020520425.1_BTI_SOV_V1_genomic.fna.gz,https://ftp.ncbi.nlm.nih.gov/genomes/refseq/plant/Spinacia_oleracea/latest_assembly_versions/GCF_020520425.1_BTI_SOV_V1/GCF_020520425.1_BTI_SOV_V1_genomic.gff.gz
Syzygium_oleosum,https://ftp.ncbi.nlm.nih.gov/genomes/refseq/plant/Syzygium_oleosum/latest_assembly_versions/GCF_021117445.2_Sole_v2.1/GCF_021117445.2_Sole_v2.1_genomic.fna.gz,https://ftp.ncbi.nlm.nih.gov/genomes/refseq/plant/Syzygium_oleosum/latest_assembly_versions/GCF_021117445.2_Sole_v2.1/GCF_021117445.2_Sole_v2.1_genomic.gff.gz
Tarenaya_hassleriana,https://ftp.ncbi.nlm.nih.gov/genomes/refseq/plant/Tarenaya_hassleriana/latest_assembly_versions/GCF_000463585.1_ASM46358v1/GCF_000463585.1_ASM46358v1_genomic.fna.gz,https://ftp.ncbi.nlm.nih.gov/genomes/refseq/plant/Tarenaya_hassleriana/latest_assembly_versions/GCF_000463585.1_ASM46358v1/GCF_000463585.1_ASM46358v1_genomic.gff.gz
Telopea_speciosissima,https://ftp.ncbi.nlm.nih.gov/genomes/refseq/plant/Telopea_speciosissima/latest_assembly_versions/GCF_018873765.1_Tspe_v1/GCF_018873765.1_Tspe_v1_genomic.fna.gz,https://ftp.ncbi.nlm.nih.gov/genomes/refseq/plant/Telopea_speciosissima/latest_assembly_versions/GCF_018873765.1_Tspe_v1/GCF_018873765.1_Tspe_v1_genomic.gff.gz
Theobroma_cacao,https://ftp.ncbi.nlm.nih.gov/genomes/refseq/plant/Theobroma_cacao/latest_assembly_versions/GCF_000208745.1_Criollo_cocoa_genome_V2/GCF_000208745.1_Criollo_cocoa_genome_V2_genomic.fna.gz,https://ftp.ncbi.nlm.nih.gov/genomes/refseq/plant/Theobroma_cacao/latest_assembly_versions/GCF_000208745.1_Criollo_cocoa_genome_V2/GCF_000208745.1_Criollo_cocoa_genome_V2_genomic.gff.gz
Trifolium_pratense,https://ftp.ncbi.nlm.nih.gov/genomes/refseq/plant/Trifolium_pratense/latest_assembly_versions/GCF_020283565.1_ARS_RC_1.1/GCF_020283565.1_ARS_RC_1.1_genomic.fna.gz,https://ftp.ncbi.nlm.nih.gov/genomes/refseq/plant/Trifolium_pratense/latest_assembly_versions/GCF_020283565.1_ARS_RC_1.1/GCF_020283565.1_ARS_RC_1.1_genomic.gff.gz
Tripterygium_wilfordii,https://ftp.ncbi.nlm.nih.gov/genomes/refseq/plant/Tripterygium_wilfordii/latest_assembly_versions/GCF_013401445.1_ASM1340144v1/GCF_013401445.1_ASM1340144v1_genomic.fna.gz,https://ftp.ncbi.nlm.nih.gov/genomes/refseq/plant/Tripterygium_wilfordii/latest_assembly_versions/GCF_013401445.1_ASM1340144v1/GCF_013401445.1_ASM1340144v1_genomic.gff.gz
Triticum_aestivum,https://ftp.ncbi.nlm.nih.gov/genomes/refseq/plant/Triticum_aestivum/latest_assembly_versions/GCF_018294505.1_IWGSC_CS_RefSeq_v2.1/GCF_018294505.1_IWGSC_CS_RefSeq_v2.1_genomic.fna.gz,https://ftp.ncbi.nlm.nih.gov/genomes/refseq/plant/Triticum_aestivum/latest_assembly_versions/GCF_018294505.1_IWGSC_CS_RefSeq_v2.1/GCF_018294505.1_IWGSC_CS_RefSeq_v2.1_genomic.gff.gz
Triticum_dicoccoides,https://ftp.ncbi.nlm.nih.gov/genomes/refseq/plant/Triticum_dicoccoides/latest_assembly_versions/GCF_002162155.2_WEW_v2.1/GCF_002162155.2_WEW_v2.1_genomic.fna.gz,https://ftp.ncbi.nlm.nih.gov/genomes/refseq/plant/Triticum_dicoccoides/latest_assembly_versions/GCF_002162155.2_WEW_v2.1/GCF_002162155.2_WEW_v2.1_genomic.gff.gz
Triticum_urartu,https://ftp.ncbi.nlm.nih.gov/genomes/refseq/plant/Triticum_urartu/latest_assembly_versions/GCF_003073215.2_Tu2.1/GCF_003073215.2_Tu2.1_genomic.fna.gz,https://ftp.ncbi.nlm.nih.gov/genomes/refseq/plant/Triticum_urartu/latest_assembly_versions/GCF_003073215.2_Tu2.1/GCF_003073215.2_Tu2.1_genomic.gff.gz
Vicia_villosa,https://ftp.ncbi.nlm.nih.gov/genomes/refseq/plant/Vicia_villosa/latest_assembly_versions/GCF_029867415.1_Vvil1.0/GCF_029867415.1_Vvil1.0_genomic.fna.gz,https://ftp.ncbi.nlm.nih.gov/genomes/refseq/plant/Vicia_villosa/latest_assembly_versions/GCF_029867415.1_Vvil1.0/GCF_029867415.1_Vvil1.0_genomic.gff.gz
Vigna_angularis,https://ftp.ncbi.nlm.nih.gov/genomes/refseq/plant/Vigna_angularis/latest_assembly_versions/GCF_016808095.1_ASM1680809v1/GCF_016808095.1_ASM1680809v1_genomic.fna.gz,https://ftp.ncbi.nlm.nih.gov/genomes/refseq/plant/Vigna_angularis/latest_assembly_versions/GCF_016808095.1_ASM1680809v1/GCF_016808095.1_ASM1680809v1_genomic.gff.gz
Vigna_radiata,https://ftp.ncbi.nlm.nih.gov/genomes/refseq/plant/Vigna_radiata/latest_assembly_versions/GCF_000741045.1_Vradiata_ver6/GCF_000741045.1_Vradiata_ver6_genomic.fna.gz,https://ftp.ncbi.nlm.nih.gov/genomes/refseq/plant/Vigna_radiata/latest_assembly_versions/GCF_000741045.1_Vradiata_ver6/GCF_000741045.1_Vradiata_ver6_genomic.gff.gz
Vigna_umbellata,https://ftp.ncbi.nlm.nih.gov/genomes/refseq/plant/Vigna_umbellata/latest_assembly_versions/GCF_018835915.1_ASM1883591v1/GCF_018835915.1_ASM1883591v1_genomic.fna.gz,https://ftp.ncbi.nlm.nih.gov/genomes/refseq/plant/Vigna_umbellata/latest_assembly_versions/GCF_018835915.1_ASM1883591v1/GCF_018835915.1_ASM1883591v1_genomic.gff.gz
Vigna_unguiculata,https://ftp.ncbi.nlm.nih.gov/genomes/refseq/plant/Vigna_unguiculata/latest_assembly_versions/GCF_004118075.2_ASM411807v2/GCF_004118075.2_ASM411807v2_genomic.fna.gz,https://ftp.ncbi.nlm.nih.gov/genomes/refseq/plant/Vigna_unguiculata/latest_assembly_versions/GCF_004118075.2_ASM411807v2/GCF_004118075.2_ASM411807v2_genomic.gff.gz
Vitis_riparia,https://ftp.ncbi.nlm.nih.gov/genomes/refseq/plant/Vitis_riparia/latest_assembly_versions/GCF_004353265.1_EGFV_Vit.rip_1.0/GCF_004353265.1_EGFV_Vit.rip_1.0_genomic.fna.gz,https://ftp.ncbi.nlm.nih.gov/genomes/refseq/plant/Vitis_riparia/latest_assembly_versions/GCF_004353265.1_EGFV_Vit.rip_1.0/GCF_004353265.1_EGFV_Vit.rip_1.0_genomic.gff.gz
Vitis_vinifera,https://ftp.ncbi.nlm.nih.gov/genomes/refseq/plant/Vitis_vinifera/latest_assembly_versions/GCF_030704535.1_ASM3070453v1/GCF_030704535.1_ASM3070453v1_genomic.fna.gz,https://ftp.ncbi.nlm.nih.gov/genomes/refseq/plant/Vitis_vinifera/latest_assembly_versions/GCF_030704535.1_ASM3070453v1/GCF_030704535.1_ASM3070453v1_genomic.gff.gz
Volvox_carteri,https://ftp.ncbi.nlm.nih.gov/genomes/refseq/plant/Volvox_carteri/latest_assembly_versions/GCF_000143455.1_v1.0/GCF_000143455.1_v1.0_genomic.fna.gz,https://ftp.ncbi.nlm.nih.gov/genomes/refseq/plant/Volvox_carteri/latest_assembly_versions/GCF_000143455.1_v1.0/GCF_000143455.1_v1.0_genomic.gff.gz
Zea_mays,https://ftp.ncbi.nlm.nih.gov/genomes/refseq/plant/Zea_mays/latest_assembly_versions/GCF_902167145.1_Zm-B73-REFERENCE-NAM-5.0/GCF_902167145.1_Zm-B73-REFERENCE-NAM-5.0_genomic.fna.gz,https://ftp.ncbi.nlm.nih.gov/genomes/refseq/plant/Zea_mays/latest_assembly_versions/GCF_902167145.1_Zm-B73-REFERENCE-NAM-5.0/GCF_902167145.1_Zm-B73-REFERENCE-NAM-5.0_genomic.gff.gz
Zingiber_officinale,https://ftp.ncbi.nlm.nih.gov/genomes/refseq/plant/Zingiber_officinale/latest_assembly_versions/GCF_018446385.1_Zo_v1.1/GCF_018446385.1_Zo_v1.1_genomic.fna.gz,https://ftp.ncbi.nlm.nih.gov/genomes/refseq/plant/Zingiber_officinale/latest_assembly_versions/GCF_018446385.1_Zo_v1.1/GCF_018446385.1_Zo_v1.1_genomic.gff.gz
Ziziphus_jujuba,https://ftp.ncbi.nlm.nih.gov/genomes/refseq/plant/Ziziphus_jujuba/latest_assembly_versions/GCF_020796205.1_ASM2079620v1/GCF_020796205.1_ASM2079620v1_genomic.fna.gz,https://ftp.ncbi.nlm.nih.gov/genomes/refseq/plant/Ziziphus_jujuba/latest_assembly_versions/GCF_020796205.1_ASM2079620v1/GCF_020796205.1_ASM2079620v1_genomic.gff.gz